team_home,team_away,goals_home,goals_away,season,league_division
JJ Vepo,ToTe/Arabia,2,3,2025,7
FC Lähiö,Valtti/4,2,1,2025,7
Tavastia/FC Mojo,FC Puimur,2,1,2025,7
Kasiysi/3,LPS/7,3,0,2025,7
FC POHU/Sober,Ponnistus/TK,7,1,2025,7
HeKuLa,FC POHU/Kova Kamppi,0,3,2025,7
Kullervo,MLHF/Reserves,1,6,2025,7
Kullervo/Überkleber,MoPo,4,1,2025,7
Kilo IF/2,FC Pakila,4,3,2025,7
AFC EMU,HPS/Rangers,1,2,2025,7
Trikiinit,PK-35/Äijät,6,0,2025,7
AC StaSi/Europort,Kullervo/Überkleber,4,0,2025,7
Valtti/4,Trikiinit,2,5,2025,7
FC Pakila,HeKuLa,0,0,2025,7
HPS/Rangers,FC POHU/Sober,1,1,2025,7
PK-35/Äijät,FC Lähiö,1,4,2025,7
LPS/7,Tavastia/FC Mojo,3,2,2025,7
MLHF/Reserves,Valtti/TDJ,1,1,2025,7
Ponnistus/TK,AFC EMU,0,1,2025,7
ToTe/Arabia,OT-77,0,3,2025,7
FC Puimur,KOPSE/CRPS FC,1,3,2025,7
MoPo,JJ Vepo,5,1,2025,7
FC POHU/Kova Kamppi,Kilo IF/2,4,0,2025,7
Cosmos,Käpylän Sekunda,1,2,2025,7
FC Puimur,HPS/Rangers,1,4,2025,7
LPS/7,FC POHU/Sober,0,2,2025,7
OT-77,Kullervo/Überkleber,6,1,2025,7
Kasiysi/3,Tavastia/FC Mojo,3,4,2025,7
Kullervo,Valtti/TDJ,1,1,2025,7
MLHF/Reserves,Trikiinit,1,5,2025,7
KOPSE/CRPS FC,Ponnistus/TK,1,0,2025,7
Cosmos,Valtti/4,1,1,2025,7
JJ Vepo,FC Pakila,0,2,2025,7
AC StaSi/Europort,Kilo IF/2,2,1,2025,7
Käpylän Sekunda,PK-35/Äijät,0,3,2025,7
ToTe/Arabia,HeKuLa,0,0,2025,7
Kullervo/Überkleber,JJ Vepo,3,0,2025,7
Trikiinit,Kullervo,4,1,2025,7
PK-35/Äijät,Cosmos,2,1,2025,7
FC Pakila,MoPo,5,1,2025,7
Kilo IF/2,OT-77,3,2,2025,7
Tavastia/FC Mojo,KOPSE/CRPS FC,6,1,2025,7
FC Lähiö,MLHF/Reserves,2,1,2025,7
FC POHU/Sober,Kasiysi/3,1,1,2025,7
AFC EMU,LPS/7,3,2,2025,7
Ponnistus/TK,FC Puimur,3,1,2025,7
HeKuLa,AC StaSi/Europort,1,2,2025,7
FC POHU/Kova Kamppi,ToTe/Arabia,6,0,2025,7
Valtti/TDJ,Käpylän Sekunda,5,0,2025,7
PK-35/Äijät,KOPSE/CRPS FC,2,2,2025,7
Ponnistus/TK,ToTe/Arabia,3,1,2025,7
MoPo,FC POHU/Sober,1,5,2025,7
FC Lähiö,Tavastia/FC Mojo,3,1,2025,7
LPS/7,HeKuLa,2,0,2025,7
Kullervo/Überkleber,HPS/Rangers,0,5,2025,7
JJ Vepo,AC StaSi/Europort,1,6,2025,7
Kilo IF/2,Kullervo,1,3,2025,7
Käpylän Sekunda,FC Pakila,3,2,2025,7
Trikiinit,Cosmos,2,1,2025,7
FC POHU/Kova Kamppi,Valtti/TDJ,2,5,2025,7
Kasiysi/3,OT-77,1,0,2025,7
FC Pakila,Kullervo/Überkleber,2,5,2025,7
Kullervo,Trikiinit,1,5,2025,7
KOPSE/CRPS FC,MLHF/Reserves,2,2,2025,7
AC StaSi/Europort,Valtti/4,1,3,2025,7
Cosmos,Kasiysi/3,2,1,2025,7
Tavastia/FC Mojo,FC POHU/Kova Kamppi,3,2,2025,7
AFC EMU,LPS/7,4,0,2025,7
HPS/Rangers,Ponnistus/TK,2,2,2025,7
HeKuLa,JJ Vepo,2,2,2025,7
ToTe/Arabia,FC Lähiö,3,4,2025,7
FC POHU/Sober,FC Puimur,2,2,2025,7
Valtti/TDJ,Käpylän Sekunda,2,3,2025,7
Kullervo/Überkleber,Tavastia/FC Mojo,3,2,2025,7
Valtti/TDJ,HPS/Rangers,3,0,2025,7
OT-77,MoPo,0,1,2025,7
Kasiysi/3,Kullervo,0,4,2025,7
FC POHU/Kova Kamppi,Kullervo/Überkleber,2,3,2025,7
LPS/7,KOPSE/CRPS FC,3,2,2025,7
Käpylän Sekunda,Tavastia/FC Mojo,6,2,2025,7
FC Pakila,ToTe/Arabia,1,2,2025,7
Cosmos,FC POHU/Sober,2,0,2025,7
MLHF/Reserves,JJ Vepo,6,1,2025,7
Ponnistus/TK,FC Lähiö,0,3,2025,7
AFC EMU,AC StaSi/Europort,1,1,2025,7
Trikiinit,MoPo,4,1,2025,7
FC Puimur,Kilo IF/2,1,2,2025,7
FC POHU/Kova Kamppi,HPS/Rangers,1,3,2025,7
FC Lähiö,Käpylän Sekunda,4,1,2025,7
FC POHU/Sober,Kasiysi/3,2,1,2025,7
Kullervo/Überkleber,Ponnistus/TK,0,4,2025,7
Tavastia/FC Mojo,FC Pakila,1,1,2025,7
JJ Vepo,Valtti/4,1,3,2025,7
Kullervo,OT-77,3,2,2025,7
Kilo IF/2,Trikiinit,4,6,2025,7
PK-35/Äijät,MLHF/Reserves,1,1,2025,7
ToTe/Arabia,Valtti/TDJ,1,5,2025,7
MoPo,FC Puimur,1,2,2025,7
AC StaSi/Europort,LPS/7,2,3,2025,7
FC Lähiö,FC POHU/Kova Kamppi,1,3,2025,7
HPS/Rangers,Käpylän Sekunda,3,3,2025,7
KOPSE/CRPS FC,HeKuLa,1,1,2025,7
Valtti/4,AFC EMU,2,0,2025,7
OT-77,Kilo IF/2,3,1,2025,7
FC Pakila,FC Lähiö,0,5,2025,7
Kullervo,MoPo,4,1,2025,7
HeKuLa,PK-35/Äijät,3,5,2025,7
Ponnistus/TK,Valtti/TDJ,1,4,2025,7
Trikiinit,FC POHU/Sober,5,0,2025,7
FC Puimur,Cosmos,2,1,2025,7
KOPSE/CRPS FC,JJ Vepo,6,4,2025,7
MLHF/Reserves,AC StaSi/Europort,8,0,2025,7
Käpylän Sekunda,ToTe/Arabia,0,5,2025,7
Valtti/4,MLHF/Reserves,1,1,2025,7
Valtti/TDJ,FC Pakila,4,0,2025,7
AFC EMU,HeKuLa,1,0,2025,7
HPS/Rangers,Tavastia/FC Mojo,1,4,2025,7
Ponnistus/TK,FC POHU/Kova Kamppi,2,2,2025,7
FC POHU/Sober,Kullervo,0,1,2025,7
Kilo IF/2,Kasiysi/3,0,2,2025,7
ToTe/Arabia,Kullervo/Überkleber,3,3,2025,7
PK-35/Äijät,LPS/7,3,0,2025,7
FC Puimur,Trikiinit,1,3,2025,7
Cosmos,OT-77,5,0,2025,7
AC StaSi/Europort,KOPSE/CRPS FC,1,2,2025,7
MLHF/Reserves,AFC EMU,3,2,2025,7
HeKuLa,AC StaSi/Europort,1,6,2025,7
OT-77,FC POHU/Sober,1,4,2025,7
LPS/7,Valtti/4,1,1,2025,7
Tavastia/FC Mojo,Valtti/TDJ,1,2,2025,7
FC Pakila,HPS/Rangers,1,6,2025,7
Kasiysi/3,FC Puimur,0,2,2025,7
MoPo,Kilo IF/2,1,3,2025,7
FC POHU/Kova Kamppi,ToTe/Arabia,3,0,2025,7
Kullervo,Cosmos,1,2,2025,7
Kullervo/Überkleber,FC Lähiö,2,5,2025,7
Käpylän Sekunda,Ponnistus/TK,1,1,2025,7
JJ Vepo,PK-35/Äijät,0,6,2025,7
KOPSE/CRPS FC,AFC EMU,0,6,2025,7
Valtti/TDJ,Kullervo/Überkleber,3,2,2025,7
OT-77,FC Puimur,0,3,2025,7
Kasiysi/3,Trikiinit,1,3,2025,7
Käpylän Sekunda,FC POHU/Kova Kamppi,1,1,2025,7
HeKuLa,Valtti/4,1,1,2025,7
Tavastia/FC Mojo,ToTe/Arabia,5,2,2025,7
LPS/7,MLHF/Reserves,0,0,2025,7
AFC EMU,JJ Vepo,5,1,2025,7
Cosmos,MoPo,5,2,2025,7
AC StaSi/Europort,PK-35/Äijät,1,7,2025,7
HPS/Rangers,FC Lähiö,1,2,2025,7
FC Pakila,Ponnistus/TK,0,6,2025,7
FC POHU/Sober,Kilo IF/2,3,1,2025,7
FC Puimur,Kullervo,0,5,2025,7
Kullervo/Überkleber,Käpylän Sekunda,2,3,2025,7
PK-35/Äijät,AFC EMU,3,1,2025,7
Trikiinit,OT-77,6,0,2025,7
MoPo,Kasiysi/3,2,2,2025,7
MLHF/Reserves,HeKuLa,5,0,2025,7
ToTe/Arabia,HPS/Rangers,1,3,2025,7
Kilo IF/2,Cosmos,2,5,2025,7
FC POHU/Kova Kamppi,FC Pakila,3,2,2025,7
FC Lähiö,Valtti/TDJ,1,1,2025,7
JJ Vepo,LPS/7,1,2,2025,7
Ponnistus/TK,Tavastia/FC Mojo,2,6,2025,7
Valtti/4,KOPSE/CRPS FC,3,0,2025,7
Valtti/4,PK-35/Äijät,2,0,2025,7
OT-77,Tavastia/FC Mojo,4,4,2024,7
FC POHU/Swigu,FC POHU/Sober,8,0,2024,7
FC Lähiö,Tavastia/FC Mojo,4,1,2024,7
Ponnistus/TK,PiTa/II,2,3,2024,7
FC POHU/Swigu,Cosmos,2,0,2024,7
FC Lähiö,OT-77,4,4,2024,7
FC POHU/Sober,Tavastia/FC Mojo,2,2,2024,7
OT-77,FC POHU/Swigu,1,5,2024,7
Kullervo/Überkleber,PK-35/Äijät,4,1,2024,7
FC Pakila,Kullervo,2,4,2024,7
Valtti/4,PiTa/II,1,2,2024,7
JJ Vepo,Kilo IF/2,0,3,2024,7
Käpylän Sekunda,FC POHU/Kova Kamppi,2,3,2024,7
Tavastia/FC Mojo,FC Lähiö,3,2,2024,7
HeKuLa,KOPSE/CRPS FC,0,0,2024,7
Cosmos,FC POHU/Sober,0,0,2024,7
Trikiinit,LPS/7,1,1,2024,7
MoPo,Ponnistus/TK,1,1,2024,7
Kasiysi/2,AC StaSi/Europort,1,1,2024,7
LPS/7,Kullervo/Überkleber,2,0,2024,7
Kilo IF/2,FC Pakila,1,3,2024,7
Kullervo,Trikiinit,3,1,2024,7
PK-35/Äijät,Käpylän Sekunda,0,0,2024,7
FC POHU/Sober,FC Lähiö,2,0,2024,7
FC POHU/Kova Kamppi,JJ Vepo,4,1,2024,7
AC StaSi/Europort,MoPo,2,0,2024,7
KOPSE/CRPS FC,Valtti/4,1,1,2024,7
Ponnistus/TK,HeKuLa,0,3,2024,7
Cosmos,OT-77,4,0,2024,7
FC POHU/Swigu,Tavastia/FC Mojo,6,3,2024,7
PiTa/II,ToTe/Arabia,4,5,2024,7
OT-77,FC POHU/Sober,8,2,2024,7
Kullervo,PK-35/Äijät,2,0,2024,7
ToTe/Arabia,Kasiysi/2,0,4,2024,7
Tavastia/FC Mojo,Cosmos,3,0,2024,7
Trikiinit,Kilo IF/2,9,0,2024,7
FC Pakila,Kullervo/Überkleber,2,2,2024,7
LPS/7,FC POHU/Kova Kamppi,2,1,2024,7
FC Lähiö,FC POHU/Swigu,0,4,2024,7
HeKuLa,AC StaSi/Europort,1,0,2024,7
MoPo,Valtti/4,1,0,2024,7
Käpylän Sekunda,JJ Vepo,1,2,2024,7
Valtti/4,ToTe/Arabia,3,2,2024,7
Kullervo/Überkleber,Käpylän Sekunda,1,3,2024,7
Kilo IF/2,LPS/7,3,0,2024,7
FC POHU/Kova Kamppi,Kullervo,2,0,2024,7
PK-35/Äijät,Trikiinit,1,3,2024,7
AC StaSi/Europort,KOPSE/CRPS FC,2,3,2024,7
Kasiysi/2,MoPo,1,1,2024,7
PiTa/II,HeKuLa,4,0,2024,7
JJ Vepo,FC Pakila,3,2,2024,7
MoPo,PiTa/II,0,3,2024,7
Käpylän Sekunda,Kullervo,1,3,2024,7
Kullervo/Überkleber,Kilo IF/2,4,4,2024,7
AC StaSi/Europort,Valtti/4,0,1,2024,7
LPS/7,JJ Vepo,3,1,2024,7
KOPSE/CRPS FC,Kasiysi/2,0,0,2024,7
Trikiinit,FC POHU/Kova Kamppi,4,2,2024,7
FC Pakila,PK-35/Äijät,0,5,2024,7
FC POHU/Sober,FC POHU/Swigu,1,6,2024,7
Tavastia/FC Mojo,OT-77,2,1,2024,7
ToTe/Arabia,Ponnistus/TK,0,5,2024,7
FC Lähiö,Cosmos,3,2,2024,7
PiTa/II,AC StaSi/Europort,4,1,2024,7
OT-77,FC Lähiö,1,4,2024,7
FC POHU/Kova Kamppi,Kullervo/Überkleber,2,3,2024,7
Ponnistus/TK,KOPSE/CRPS FC,4,0,2024,7
Kullervo,LPS/7,1,0,2024,7
PK-35/Äijät,Kilo IF/2,2,1,2024,7
JJ Vepo,Trikiinit,2,8,2024,7
Cosmos,FC POHU/Swigu,1,1,2024,7
Käpylän Sekunda,FC Pakila,3,2,2024,7
ToTe/Arabia,MoPo,0,7,2024,7
Tavastia/FC Mojo,FC POHU/Sober,2,0,2024,7
Kasiysi/2,HeKuLa,1,3,2024,7
LPS/7,PK-35/Äijät,2,0,2024,7
FC POHU/Swigu,OT-77,6,0,2024,7
Trikiinit,Käpylän Sekunda,2,0,2024,7
HeKuLa,ToTe/Arabia,1,0,2024,7
FC Pakila,FC POHU/Kova Kamppi,3,3,2024,7
Kullervo/Überkleber,JJ Vepo,6,0,2024,7
Kilo IF/2,Kullervo,1,2,2024,7
Valtti/4,Kasiysi/2,7,1,2024,7
FC POHU/Sober,Cosmos,1,1,2024,7
KOPSE/CRPS FC,PiTa/II,0,1,2024,7
AC StaSi/Europort,Ponnistus/TK,4,0,2024,7
OT-77,Cosmos,2,3,2024,7
Kullervo,Kullervo/Überkleber,3,4,2024,7
PK-35/Äijät,JJ Vepo,8,0,2024,7
LPS/7,Käpylän Sekunda,1,3,2024,7
Kilo IF/2,FC POHU/Kova Kamppi,3,0,2024,7
FC Lähiö,FC POHU/Sober,3,1,2024,7
Tavastia/FC Mojo,FC POHU/Swigu,0,2,2024,7
HeKuLa,MoPo,3,2,2024,7
KOPSE/CRPS FC,ToTe/Arabia,3,1,2024,7
Trikiinit,FC Pakila,1,0,2024,7
Ponnistus/TK,Valtti/4,1,0,2024,7
PiTa/II,Kasiysi/2,4,0,2024,7
Valtti/4,HeKuLa,3,0,2024,7
FC POHU/Swigu,FC Lähiö,3,1,2024,7
FC POHU/Kova Kamppi,PK-35/Äijät,1,3,2024,7
ToTe/Arabia,AC StaSi/Europort,0,4,2024,7
Käpylän Sekunda,Kilo IF/2,2,2,2024,7
Kullervo/Überkleber,Trikiinit,1,4,2024,7
JJ Vepo,Kullervo,0,5,2024,7
Cosmos,Tavastia/FC Mojo,1,5,2024,7
Kasiysi/2,Ponnistus/TK,5,3,2024,7
MoPo,KOPSE/CRPS FC,1,2,2024,7
FC POHU/Sober,OT-77,1,0,2024,7
FC Pakila,LPS/7,1,3,2024,7
Tavastia/FC Mojo,FC POHU/Kova Kamppi,3,1,2024,7
Käpylän Sekunda,HeKuLa,5,2,2024,7
Kullervo,Cosmos,1,1,2024,7
MoPo,Kullervo/Überkleber,6,3,2024,7
Valtti/4,LPS/7,2,1,2024,7
ToTe/Arabia,Ponnistus/TK,3,0,2024,7
Trikiinit,Kilo IF/2,4,0,2024,7
AC StaSi/Europort,JJ Vepo,3,6,2024,7
FC Lähiö,KOPSE/CRPS FC,5,0,2024,7
FC Pakila,OT-77,1,2,2024,7
FC POHU/Swigu,Kasiysi/2,7,1,2024,7
FC POHU/Sober,PK-35/Äijät,2,1,2024,7
OT-77,Trikiinit,1,1,2024,7
Kullervo/Überkleber,FC POHU/Swigu,1,2,2024,7
Ponnistus/TK,Kullervo,1,6,2024,7
Kilo IF/2,MoPo,3,2,2024,7
KOPSE/CRPS FC,AC StaSi/Europort,5,1,2024,7
FC POHU/Kova Kamppi,Käpylän Sekunda,4,2,2024,7
LPS/7,FC Lähiö,1,3,2024,7
PK-35/Äijät,Valtti/4,3,2,2024,7
Cosmos,Tavastia/FC Mojo,3,5,2024,7
HeKuLa,ToTe/Arabia,1,1,2024,7
JJ Vepo,FC POHU/Sober,1,3,2024,7
Kasiysi/2,FC Pakila,0,1,2024,7
LPS/7,PK-35/Äijät,2,1,2024,7
Kullervo/Überkleber,Kilo IF/2,6,2,2024,7
Tavastia/FC Mojo,Kullervo,2,0,2024,7
Valtti/4,JJ Vepo,1,3,2024,7
Käpylän Sekunda,Cosmos,1,3,2024,7
FC POHU/Sober,KOPSE/CRPS FC,4,1,2024,7
Ponnistus/TK,HeKuLa,3,0,2024,7
FC Pakila,FC POHU/Swigu,1,5,2024,7
Trikiinit,Kasiysi/2,4,2,2024,7
AC StaSi/Europort,FC Lähiö,2,5,2024,7
ToTe/Arabia,FC POHU/Kova Kamppi,1,1,2024,7
MoPo,OT-77,0,2,2024,7
Ponnistus/TK,FC POHU/Kova Kamppi,0,4,2024,7
OT-77,Kilo IF/2,3,1,2024,7
FC Pakila,Kullervo/Überkleber,5,1,2024,7
FC POHU/Kova Kamppi,HeKuLa,1,1,2024,7
JJ Vepo,PK-35/Äijät,2,1,2024,7
FC POHU/Swigu,Trikiinit,1,1,2024,7
Tavastia/FC Mojo,Ponnistus/TK,4,2,2024,7
Kasiysi/2,MoPo,1,0,2024,7
Cosmos,ToTe/Arabia,1,0,2024,7
FC Lähiö,FC POHU/Sober,3,0,2024,7
AC StaSi/Europort,LPS/7,1,2,2024,7
Kullervo,Käpylän Sekunda,2,3,2024,7
LPS/7,JJ Vepo,4,1,2024,7
Kullervo/Überkleber,OT-77,3,3,2024,7
KOPSE/CRPS FC,Valtti/4,1,0,2024,7
Kilo IF/2,Kasiysi/2,4,0,2024,7
ToTe/Arabia,Kullervo,2,6,2024,7
PK-35/Äijät,KOPSE/CRPS FC,2,1,2024,7
FC POHU/Sober,AC StaSi/Europort,2,0,2024,7
Valtti/4,FC Lähiö,1,2,2024,7
HeKuLa,Cosmos,1,5,2024,7
Käpylän Sekunda,Tavastia/FC Mojo,3,5,2024,7
MoPo,FC POHU/Swigu,0,6,2024,7
Trikiinit,FC Pakila,7,0,2024,7
FC POHU/Kova Kamppi,Kullervo,6,3,2024,7
Trikiinit,Kullervo/Überkleber,1,3,2024,7
Cosmos,FC POHU/Kova Kamppi,0,0,2024,7
KOPSE/CRPS FC,JJ Vepo,1,4,2024,7
FC Pakila,MoPo,4,2,2024,7
FC POHU/Swigu,Kilo IF/2,0,0,2024,7
AC StaSi/Europort,Valtti/4,2,1,2024,7
Käpylän Sekunda,Ponnistus/TK,8,2,2024,7
Kasiysi/2,OT-77,0,6,2024,7
Tavastia/FC Mojo,ToTe/Arabia,4,0,2024,7
Kullervo,HeKuLa,1,0,2024,7
FC Lähiö,PK-35/Äijät,5,3,2024,7
FC POHU/Sober,LPS/7,1,0,2024,7
OT-77,FC POHU/Swigu,6,3,2024,7
MoPo,Trikiinit,0,2,2024,7
Kullervo/Überkleber,Kasiysi/2,3,0,2024,7
Kilo IF/2,FC Pakila,2,2,2024,7
PK-35/Äijät,AC StaSi/Europort,3,0,2024,7
LPS/7,KOPSE/CRPS FC,8,0,2024,7
Valtti/4,FC POHU/Sober,1,0,2024,7
Ponnistus/TK,Cosmos,1,4,2024,7
ToTe/Arabia,Käpylän Sekunda,1,13,2024,7
HeKuLa,Tavastia/FC Mojo,0,3,2024,7
JJ Vepo,FC Lähiö,2,4,2024,7
FC POHU/Kova Kamppi,Ponnistus/TK,3,2,2023,7
Valtti/4,FC Puimur,0,4,2023,7
AC StaSi/Europort,Kullervo/Überkleber,2,2,2023,7
OT-77,Kullervo,3,0,2023,7
LPS/7,FC POHU/Kova Kamppi,3,3,2023,7
KOPSE/CRPS FC,FC Pakila,1,4,2023,7
MoPo,Kilo IF/2,1,4,2023,7
Ponnistus/TK,JJ Vepo,2,8,2023,7
Kullervo/Überkleber,FC Lähiö,2,2,2023,7
FC POHU/Swigu,Cosmos,2,1,2023,7
HeKuLa,PK-35/Äijät,0,0,2023,7
AC StaSi/Europort,Käpylän Sekunda,2,4,2023,7
PK-35/Äijät,KOPSE/CRPS FC,1,1,2023,7
JJ Vepo,OT-77,3,4,2023,7
Cosmos,Valtti/4,4,3,2023,7
Kullervo,FC POHU/Swigu,0,2,2023,7
Käpylän Sekunda,Kullervo/Überkleber,3,1,2023,7
FC Lähiö,MoPo,6,0,2023,7
Kilo IF/2,HeKuLa,4,1,2023,7
FC Pakila,AC StaSi/Europort,2,3,2023,7
FC Puimur,LPS/7,0,1,2023,7
LPS/7,Ponnistus/TK,3,0,2023,7
FC POHU/Swigu,JJ Vepo,8,3,2023,7
OT-77,Valtti/4,4,0,2023,7
Kullervo,FC Puimur,5,2,2023,7
Cosmos,FC POHU/Kova Kamppi,5,2,2023,7
PK-35/Äijät,Käpylän Sekunda,2,3,2023,7
Kullervo/Überkleber,HeKuLa,2,1,2023,7
FC Lähiö,PK-35/Äijät,2,0,2023,7
KOPSE/CRPS FC,AC StaSi/Europort,2,0,2023,7
Kilo IF/2,FC Pakila,2,1,2023,7
MoPo,Käpylän Sekunda,2,5,2023,7
FC POHU/Swigu,FC POHU/Kova Kamppi,2,2,2023,7
Valtti/4,LPS/7,1,2,2023,7
FC Pakila,FC Lähiö,0,3,2023,7
Käpylän Sekunda,Kilo IF/2,4,2,2023,7
Ponnistus/TK,OT-77,0,0,2023,7
FC Puimur,FC POHU/Swigu,4,2,2023,7
HeKuLa,KOPSE/CRPS FC,0,2,2023,7
FC POHU/Kova Kamppi,Kullervo,5,1,2023,7
JJ Vepo,Cosmos,2,0,2023,7
PK-35/Äijät,MoPo,2,0,2023,7
FC Lähiö,HeKuLa,5,0,2023,7
LPS/7,Kullervo,0,1,2023,7
Valtti/4,JJ Vepo,0,1,2023,7
OT-77,FC Puimur,0,1,2023,7
KOPSE/CRPS FC,FC Lähiö,2,2,2023,7
Valtti/4,FC POHU/Swigu,0,4,2023,7
Kilo IF/2,AC StaSi/Europort,4,1,2023,7
MoPo,FC Pakila,0,3,2023,7
Kullervo/Überkleber,PK-35/Äijät,1,0,2023,7
HeKuLa,Käpylän Sekunda,2,3,2023,7
Cosmos,Ponnistus/TK,5,0,2023,7
LPS/7,OT-77,1,1,2023,7
FC POHU/Kova Kamppi,Valtti/4,4,2,2023,7
Ponnistus/TK,FC POHU/Swigu,1,3,2023,7
FC Lähiö,Kilo IF/2,2,0,2023,7
Kullervo,Cosmos,1,3,2023,7
FC Pakila,HeKuLa,0,1,2023,7
FC Puimur,JJ Vepo,4,3,2023,7
AC StaSi/Europort,MoPo,0,1,2023,7
KOPSE/CRPS FC,Kullervo/Überkleber,1,2,2023,7
Valtti/4,Ponnistus/TK,0,2,2023,7
Käpylän Sekunda,FC Lähiö,1,2,2023,7
HeKuLa,AC StaSi/Europort,1,2,2023,7
Kilo IF/2,PK-35/Äijät,3,0,2023,7
OT-77,FC POHU/Kova Kamppi,1,3,2023,7
JJ Vepo,Kullervo,5,1,2023,7
Cosmos,FC Puimur,1,3,2023,7
Kullervo/Überkleber,FC Pakila,1,3,2023,7
FC POHU/Swigu,LPS/7,2,0,2023,7
MoPo,KOPSE/CRPS FC,1,3,2023,7
MoPo,Kullervo/Überkleber,1,2,2023,7
PK-35/Äijät,AC StaSi/Europort,0,0,2023,7
Käpylän Sekunda,FC Pakila,3,4,2023,7
FC POHU/Swigu,OT-77,2,1,2023,7
FC Puimur,Ponnistus/TK,5,0,2023,7
JJ Vepo,FC POHU/Kova Kamppi,1,5,2023,7
Kullervo,Valtti/4,3,0,2023,7
Cosmos,LPS/7,0,3,2023,7
Kilo IF/2,KOPSE/CRPS FC,1,2,2023,7
OT-77,Cosmos,1,1,2023,7
HeKuLa,MoPo,0,1,2023,7
Ponnistus/TK,Kullervo,1,0,2023,7
FC Pakila,PK-35/Äijät,4,2,2023,7
Kullervo/Überkleber,Kilo IF/2,1,6,2023,7
KOPSE/CRPS FC,Käpylän Sekunda,2,3,2023,7
LPS/7,JJ Vepo,2,0,2023,7
FC POHU/Kova Kamppi,FC Puimur,2,2,2023,7
AC StaSi/Europort,FC Lähiö,0,3,2023,7
FC POHU/Kova Kamppi,Cosmos,2,4,2023,7
AC StaSi/Europort,Ponnistus/TK,1,2,2023,7
PK-35/Äijät,HeKuLa,3,1,2023,7
FC Puimur,Kullervo,2,1,2023,7
Ponnistus/TK,Käpylän Sekunda,4,0,2023,7
Kilo IF/2,Ponnistus/TK,0,3,2023,7
JJ Vepo,HeKuLa,3,2,2023,7
FC Pakila,Cosmos,2,3,2023,7
Valtti/4,MoPo,0,0,2023,7
Kullervo/Überkleber,OT-77,1,4,2023,7
FC POHU/Swigu,Kilo IF/2,3,2,2023,7
PK-35/Äijät,KOPSE/CRPS FC,1,4,2023,7
Cosmos,FC Lähiö,1,2,2023,7
OT-77,FC POHU/Swigu,2,2,2023,7
HeKuLa,LPS/7,0,2,2023,7
KOPSE/CRPS FC,Valtti/4,5,1,2023,7
FC POHU/Kova Kamppi,FC Pakila,3,4,2023,7
MoPo,JJ Vepo,2,3,2023,7
Käpylän Sekunda,AC StaSi/Europort,1,3,2023,7
LPS/7,MoPo,2,0,2023,7
FC Pakila,Kullervo,1,2,2023,7
Valtti/4,PK-35/Äijät,2,0,2023,7
FC Lähiö,FC POHU/Kova Kamppi,0,2,2023,7
JJ Vepo,KOPSE/CRPS FC,7,1,2023,7
FC POHU/Swigu,Kullervo/Überkleber,4,0,2023,7
AC StaSi/Europort,Kilo IF/2,2,8,2023,7
Ponnistus/TK,OT-77,2,2,2023,7
PK-35/Äijät,JJ Vepo,1,6,2023,7
OT-77,AC StaSi/Europort,2,0,2023,7
Kilo IF/2,Käpylän Sekunda,7,0,2023,7
KOPSE/CRPS FC,LPS/7,0,2,2023,7
Kullervo,FC Lähiö,2,2,2023,7
Kullervo/Überkleber,Ponnistus/TK,0,0,2023,7
MoPo,HeKuLa,3,1,2023,7
FC Puimur,FC Pakila,2,1,2023,7
LPS/7,PK-35/Äijät,3,0,2023,7
HeKuLa,KOPSE/CRPS FC,2,1,2023,7
Ponnistus/TK,FC POHU/Swigu,2,2,2023,7
Cosmos,Kullervo,0,1,2023,7
FC Lähiö,FC Puimur,1,2,2023,7
Käpylän Sekunda,OT-77,4,2,2023,7
JJ Vepo,Valtti/4,6,3,2023,7
AC StaSi/Europort,Kullervo/Überkleber,3,1,2023,7
FC Puimur,Cosmos,1,2,2023,7
Kullervo/Überkleber,Käpylän Sekunda,4,1,2023,7
Kullervo,FC POHU/Kova Kamppi,2,3,2023,7
OT-77,Kilo IF/2,0,0,2023,7
KOPSE/CRPS FC,MoPo,1,2,2023,7
Valtti/4,LPS/7,2,1,2023,7
FC POHU/Swigu,AC StaSi/Europort,1,1,2023,7
HeKuLa,Valtti/4,1,1,2023,7
FC Lähiö,FC Pakila,3,2,2023,7
Käpylän Sekunda,FC POHU/Swigu,0,4,2023,7
MoPo,PK-35/Äijät,1,2,2023,7
FC POHU/Kova Kamppi,FC Puimur,2,2,2023,7
Kilo IF/2,Kullervo/Überkleber,2,5,2023,7
LPS/7,JJ Vepo,3,2,2023,7
Union Plaani/17,Korian Klubi/2,3,3,2025,6
HiHi,MyPa/FC,0,0,2025,6
Pelikaani,Ares -86,5,1,2025,6
Mäntsälän Urheilijat,FC Kapina/2,1,5,2025,6
HausPa,JäPS/City,5,1,2025,6
KarPo,PoPo,0,3,2025,6
NJS/2,KeiKa,1,1,2025,6
Kulps,FC Degis,0,3,2025,6
AC Rastaala,Vermo Vikings,1,1,2025,6
HJK/Kantsu 94,HPS/Jägers,4,1,2025,6
FC POHU/JäPa,FC Kontu/ST,0,2,2025,6
Töölö Tigers,StaKe FC,1,1,2025,6
FC Kotkat,Kutosen Klopit,2,3,2025,6
HeMan,PPJ/Jätkäsaari,2,2,2025,6
MK United/Warriors,AFG united,1,3,2025,6
Tikka/2,EPS/2,0,1,2025,6
KOPSE/VI,Sibbo-Vargarna/2,1,2,2025,6
PiTa/II,PPV/Seos,1,1,2025,6
FC FC,PPJ/West Wanderers,0,2,2025,6
FC POHU/Shrimps,Lännen Torpedo,0,4,2025,6
Ruila,Tähti Helsinki,0,5,2025,6
HH Palloveikot,Geishan Pallo,3,1,2025,6
TöTa/FC Mauskis,HJK/Töölön Ihme,2,3,2025,6
Strikers/Bertil,FC Babylon,1,1,2025,6
Ponnistus/Peruskallio,HePuLi,3,3,2025,6
AC StaSi,MLHF,1,3,2025,6
Espoon Sonnit,FC POHU/CJ United,4,3,2025,6
Länsiväylän Dynamo,FC Kirkkonummi/2,1,1,2025,6
Jäntevä/Ukot,FC Etapo,3,1,2025,6
ViTa,KJS/Sininen,2,6,2025,6
HAlku/FC,FC MVP,2,6,2025,6
Jokerit FC/2,FC POHU/SiPa,1,3,2025,6
FC POHU/Futboleros,PPJ/Faijat Jätkäsaari,2,0,2025,6
Veijarit,Andalus FC/Alpujarra,2,4,2025,6
Kurvin Vauhti/Partiz,FC Germania/Akademie,0,1,2025,6
FC Dons/Akatemia,Pessoas Boas,0,1,2025,6
FC POHU/Traktori,FC Viikingit/S.C.P L,3,2,2025,6
FC OHO UNITED,FC POHU/Toivo,2,2,2025,6
FC Juvantus,Mando United,0,6,2025,6
JäPS/Akatemia,AC JazzPa,8,1,2025,6
PPJ/Faijat Jätkäsaari,Pessoas Boas,0,6,2025,6
Andalus FC/Alpujarra,FC Viikingit/S.C.P L,1,3,2025,6
Kullervo/Mosaic,DFSV,6,0,2025,6
FC Kirkkonummi/2,HooGee/Hodari,1,2,2025,6
HaTP,HiHi,1,1,2025,6
FC Villisiat,KarPo,4,0,2025,6
Valtti/LA,MK United/Warriors,5,3,2025,6
EPS/2,ViTa,2,1,2025,6
Sibbo-Vargarna/2,HAlku/FC,8,0,2025,6
Pelikaani,KP-75,0,4,2025,6
MyPa/FC,PoPo,1,5,2025,6
Union Plaani/17,Mäntsälän Urheilijat,5,0,2025,6
Ares -86,JäPS/Akatemia,2,10,2025,6
HJK/Töölön Ihme,Helsinki Stars,0,5,2025,6
Korian Klubi/2,HausPa,5,2,2025,6
PPV/Seos,HeMan,4,1,2025,6
AC Rastaala,Länsiväylän Dynamo,5,0,2025,6
Lännen Torpedo,VJS/3,2,2,2025,6
FC Kontu/ST,PuiU/Akatemia,0,2,2025,6
KeiKa,FC POHU/Shrimps,12,0,2025,6
Kilo IF/3,PPJ/West Wanderers,1,8,2025,6
PEP/Pitkätossut,HJK/Kantsu 94,0,0,2025,6
Kutosen Klopit,HH Palloveikot,0,3,2025,6
JäPS/City,Naseva,1,3,2025,6
Käpylä Maanantai,Mando United,0,7,2025,6
FC POHU/Toivo,FC Babylon,2,0,2025,6
AC JazzPa,KOPSE/VI,1,3,2025,6
FC Tuusula,FC MVP,0,1,2025,6
FC POHU/CJ United,FC FC,5,0,2025,6
Vermo Vikings,Tikka/2,1,1,2025,6
FC POHU/Traktori,AFG united,1,2,2025,6
Tähti Helsinki,FC Kontu/U23,1,3,2025,6
Ruila,Veijarit,2,4,2025,6
StaKe FC,TöTa/FC Mauskis,1,0,2025,6
FC POHU/SiPa,Kurvin Vauhti/Partiz,1,0,2025,6
ViSa,Jäntevä/Ukot,2,0,2025,6
FC Kiffen/2,FC Dons/Akatemia,3,5,2025,6
MLHF,FC Degis,2,1,2025,6
Ponnistus/Peruskallio,FC OHO UNITED,2,0,2025,6
PPJ/Jätkäsaari,Strikers/Bertil,1,2,2025,6
HPS/Jägers,PPS/Diablos Rojos,5,1,2025,6
FC Germania/Akademie,FC Juvantus,2,2,2025,6
FC Kapina/2,Iitin Pallo-68,1,1,2025,6
HePuLi,PiTa/II,8,1,2025,6
Geishan Pallo,Espoon Sonnit,1,3,2025,6
PPJ/West Wanderers,Geishan Pallo,3,1,2025,6
FC Kontu/U23,Andalus FC/Alpujarra,4,0,2025,6
VJS/3,PEP/Pitkätossut,1,2,2025,6
KP-75,Sibbo-Vargarna/2,3,1,2025,6
FC MVP,AC JazzPa,0,2,2025,6
DFSV,FC Germania/Akademie,2,6,2025,6
Iitin Pallo-68,JäPS/City,4,0,2025,6
JaVo,Union Plaani/17,2,3,2025,6
PPS/Diablos Rojos,KeiKa,0,4,2025,6
FC Dons/Akatemia,Töölö Tigers,0,2,2025,6
HiHi,FC Villisiat,2,1,2025,6
Helsinki Stars,StaKe FC,1,0,2025,6
HausPa,FC Kapina/2,2,2,2025,6
KarPo,HaTP,5,0,2025,6
JäPS/Akatemia,FC Tuusula,8,0,2025,6
HeMan,HePuLi,1,2,2025,6
Länsiväylän Dynamo,KJS/Sininen,1,5,2025,6
FC Degis,FC Kontu/ST,0,2,2025,6
FC FC,FC Kotkat,1,2,2025,6
Tikka/2,FC Kirkkonummi/2,4,2,2025,6
HJK/Kantsu 94,Lännen Torpedo,1,1,2025,6
HooGee/Hodari,EPS/2,0,2,2025,6
KOPSE/VI,Ares -86,6,0,2025,6
TöTa/FC Mauskis,PPJ/Faijat Jätkäsaari,3,0,2025,6
NJS/2,HPS/Jägers,1,1,2025,6
HH Palloveikot,Kilo IF/3,1,0,2025,6
HAlku/FC,Pelikaani,2,3,2025,6
Strikers/Bertil,Ponnistus/Peruskallio,3,0,2025,6
FC Viikingit/S.C.P L,Valtti/LA,0,3,2025,6
Espoon Sonnit,Kutosen Klopit,1,1,2025,6
FC Babylon,PPV/Seos,1,1,2025,6
Pessoas Boas,HJK/Töölön Ihme,3,0,2025,6
Jäntevä/Ukot,MyPa/FC,1,1,2025,6
ViTa,Vermo Vikings,0,3,2025,6
Jokerit FC/2,Käpylä Maanantai,4,0,2025,6
FC POHU/Futboleros,FC Kiffen/2,1,0,2025,6
Mando United,FC POHU/SiPa,5,1,2025,6
FC Juvantus,Kullervo/Mosaic,2,1,2025,6
FC OHO UNITED,PPJ/Jätkäsaari,2,6,2025,6
FC POHU/Traktori,Ruila,4,5,2025,6
Tähti Helsinki,MK United/Warriors,3,3,2025,6
PiTa/II,FC POHU/Toivo,3,5,2025,6
PoPo,FC Etapo,2,3,2025,6
FC POHU/JäPa,MLHF,0,2,2025,6
Veijarit,AFG united,1,7,2025,6
Naseva,Korian Klubi/2,4,4,2025,6
FC POHU/JäPa,Kulps,4,1,2025,6
PPJ/Faijat Jätkäsaari,HJK/Töölön Ihme,1,3,2025,6
FC Kontu/U23,Ruila,3,1,2025,6
FC MVP,Sibbo-Vargarna/2,1,2,2025,6
FC Kirkkonummi/2,EPS/2,1,4,2025,6
NJS/2,PEP/Pitkätossut,3,0,2025,6
MyPa/FC,FC Etapo,1,1,2025,6
ViTa,Länsiväylän Dynamo,2,0,2025,6
Ares -86,HAlku/FC,4,1,2025,6
Helsinki Stars,FC POHU/Futboleros,2,0,2025,6
HausPa,Union Plaani/17,3,5,2025,6
HooGee/Hodari,KJS/Sininen,1,2,2025,6
Pessoas Boas,FC Kiffen/2,6,2,2025,6
Kilo IF/3,Geishan Pallo,0,4,2025,6
MLHF,FC Kontu/ST,2,0,2025,6
HH Palloveikot,FC Kotkat,2,3,2025,6
PuiU/Akatemia,AC StaSi,8,0,2025,6
Tikka/2,AC Rastaala,5,0,2025,6
FC POHU/Shrimps,HJK/Kantsu 94,0,11,2025,6
Jokerit FC/2,Kullervo/Mosaic,2,2,2025,6
KOPSE/VI,KP-75,2,0,2025,6
PiTa/II,Ponnistus/Peruskallio,0,2,2025,6
PPJ/West Wanderers,FC POHU/CJ United,0,1,2025,6
FC Tuusula,AC JazzPa,0,3,2025,6
Käpylä Maanantai,FC POHU/SiPa,2,4,2025,6
Korian Klubi/2,JaVo,4,2,2025,6
StaKe FC,FC Dons/Akatemia,1,0,2025,6
Andalus FC/Alpujarra,Valtti/LA,1,6,2025,6
FC Babylon,PPJ/Jätkäsaari,3,0,2025,6
Jäntevä/Ukot,HaTP,5,0,2025,6
TöTa/FC Mauskis,Töölö Tigers,0,2,2025,6
HPS/Jägers,KeiKa,4,1,2025,6
FC POHU/Toivo,PPV/Seos,2,2,2025,6
Mando United,FC Germania/Akademie,2,2,2025,6
ViSa,KarPo,2,0,2025,6
Veijarit,MK United/Warriors,1,3,2025,6
Tähti Helsinki,FC POHU/Traktori,3,3,2025,6
JäPS/Akatemia,Pelikaani,7,2,2025,6
Kutosen Klopit,FC FC,0,3,2025,6
PoPo,FC Villisiat,3,0,2025,6
HePuLi,Strikers/Bertil,2,3,2025,6
Naseva,Mäntsälän Urheilijat,0,0,2025,6
FC Kapina/2,JäPS/City,5,3,2025,6
FC Viikingit/S.C.P L,AFG united,0,2,2025,6
HeMan,FC OHO UNITED,3,5,2025,6
VJS/3,FC POHU/Shrimps,1,1,2025,6
EPS/2,Vermo Vikings,3,0,2025,6
Sibbo-Vargarna/2,FC Tuusula,1,1,2025,6
HaTP,PoPo,2,5,2025,6
FC Villisiat,MyPa/FC,4,1,2025,6
JaVo,Naseva,5,3,2025,6
Valtti/LA,Tähti Helsinki,2,1,2025,6
FC Kiffen/2,PPJ/Faijat Jätkäsaari,4,3,2025,6
KP-75,JäPS/Akatemia,4,1,2025,6
Pelikaani,FC MVP,3,0,2025,6
Strikers/Bertil,HeMan,7,2,2025,6
HiHi,Jäntevä/Ukot,4,5,2025,6
KJS/Sininen,FC Kirkkonummi/2,7,1,2025,6
FC Dons/Akatemia,Helsinki Stars,3,0,2025,6
FC Etapo,ViSa,0,1,2025,6
HausPa,Mäntsälän Urheilijat,2,0,2025,6
FC POHU/Traktori,MK United/Warriors,1,2,2025,6
FC FC,Espoon Sonnit,2,3,2025,6
AC Rastaala,HooGee/Hodari,2,2,2025,6
Länsiväylän Dynamo,Tikka/2,2,5,2025,6
Veijarit,FC Kontu/U23,0,5,2025,6
FC Juvantus,Kurvin Vauhti/Partiz,2,0,2025,6
Töölö Tigers,Pessoas Boas,0,0,2025,6
FC Kotkat,PPJ/West Wanderers,2,1,2025,6
HJK/Kantsu 94,NJS/2,1,4,2025,6
PEP/Pitkätossut,PPS/Diablos Rojos,5,0,2025,6
PPV/Seos,HePuLi,2,1,2025,6
JäPS/City,Korian Klubi/2,7,3,2025,6
FC Germania/Akademie,Käpylä Maanantai,1,0,2025,6
Union Plaani/17,Iitin Pallo-68,2,3,2025,6
AC JazzPa,Ares -86,2,5,2025,6
PPJ/Jätkäsaari,FC POHU/Toivo,4,2,2025,6
Geishan Pallo,Kutosen Klopit,6,3,2025,6
Ruila,FC Viikingit/S.C.P L,2,4,2025,6
Ponnistus/Peruskallio,FC Babylon,0,3,2025,6
AC StaSi,FC POHU/JäPa,3,6,2025,6
Lännen Torpedo,HPS/Jägers,1,3,2025,6
FC POHU/CJ United,Kilo IF/3,8,2,2025,6
Kullervo/Mosaic,Mando United,0,8,2025,6
FC POHU/Futboleros,TöTa/FC Mauskis,1,1,2025,6
Andalus FC/Alpujarra,AFG united,1,5,2025,6
HJK/Töölön Ihme,StaKe FC,1,3,2025,6
FC OHO UNITED,PiTa/II,0,1,2025,6
HAlku/FC,KOPSE/VI,0,6,2025,6
HaTP,FC Villisiat,8,1,2025,6
JaVo,HausPa,0,1,2025,6
Iitin Pallo-68,Mäntsälän Urheilijat,5,0,2025,6
HaTP,Jäntevä/Ukot,3,2,2025,6
JaVo,FC Kapina/2,4,0,2025,6
Iitin Pallo-68,Union Plaani/17,0,2,2025,6
FC MVP,JäPS/Akatemia,1,5,2025,6
EPS/2,KJS/Sininen,0,5,2025,6
PPS/Diablos Rojos,NJS/2,1,0,2025,6
Ares -86,KP-75,1,9,2025,6
Helsinki Stars,Töölö Tigers,5,0,2025,6
Korian Klubi/2,Mäntsälän Urheilijat,8,1,2025,6
FC Etapo,FC Villisiat,2,3,2025,6
Iitin Pallo-68,HausPa,2,2,2025,6
Valtti/LA,AFG united,2,2,2025,6
HeMan,Ponnistus/Peruskallio,2,0,2025,6
Espoon Sonnit,FC Kotkat,0,6,2025,6
HJK/Töölön Ihme,FC Kiffen/2,4,2,2025,6
Geishan Pallo,FC POHU/CJ United,0,3,2025,6
Kurvin Vauhti/Partiz,Kullervo/Mosaic,0,1,2025,6
KeiKa,Lännen Torpedo,1,0,2025,6
Kilo IF/3,FC FC,1,0,2025,6
HooGee/Hodari,Tikka/2,0,1,2025,6
KOPSE/VI,Pelikaani,2,2,2025,6
PPJ/Faijat Jätkäsaari,FC Dons/Akatemia,2,12,2025,6
PPJ/West Wanderers,HH Palloveikot,0,0,2025,6
PPV/Seos,PPJ/Jätkäsaari,2,5,2025,6
Käpylä Maanantai,FC Juvantus,2,2,2025,6
AC JazzPa,Sibbo-Vargarna/2,0,6,2025,6
MK United/Warriors,Ruila,5,2,2025,6
Andalus FC/Alpujarra,FC POHU/Traktori,3,5,2025,6
Pessoas Boas,TöTa/FC Mauskis,3,0,2025,6
FC POHU/Shrimps,PEP/Pitkätossut,2,3,2025,6
FC POHU/SiPa,FC Germania/Akademie,1,0,2025,6
MLHF,Kulps,3,2,2025,6
FC Babylon,PiTa/II,5,5,2025,6
ViTa,AC Rastaala,3,1,2025,6
Vermo Vikings,Länsiväylän Dynamo,4,1,2025,6
FC POHU/Toivo,Strikers/Bertil,0,5,2025,6
FC Degis,FC POHU/JäPa,3,1,2025,6
ViSa,HiHi,0,2,2025,6
StaKe FC,FC POHU/Futboleros,3,0,2025,6
HPS/Jägers,VJS/3,8,0,2025,6
Mando United,Jokerit FC/2,1,1,2025,6
Tähti Helsinki,Veijarit,3,1,2025,6
FC Tuusula,HAlku/FC,0,1,2025,6
PoPo,Jäntevä/Ukot,5,3,2025,6
MyPa/FC,KarPo,0,1,2025,6
FC Viikingit/S.C.P L,FC Kontu/U23,4,3,2025,6
FC Kapina/2,JaVo,5,0,2025,6
Naseva,Union Plaani/17,1,2,2025,6
HePuLi,FC OHO UNITED,1,1,2025,6
FC Kontu/U23,Veijarit,4,0,2025,6
FC Etapo,PoPo,1,4,2025,6
Mäntsälän Urheilijat,Naseva,0,3,2025,6
PPJ/Jätkäsaari,PiTa/II,6,2,2025,6
FC Kiffen/2,Pessoas Boas,0,2,2025,6
Jokerit FC/2,DFSV,2,2,2025,6
HJK/Töölön Ihme,PPJ/Faijat Jätkäsaari,4,1,2025,6
PuiU/Akatemia,Kulps,7,1,2025,6
MK United/Warriors,FC POHU/Traktori,2,2,2025,6
FC Kotkat,HH Palloveikot,0,3,2025,6
FC POHU/Futboleros,Helsinki Stars,0,8,2025,6
FC FC,Kutosen Klopit,1,1,2025,6
FC Dons/Akatemia,StaKe FC,0,1,2025,6
FC POHU/JäPa,AC StaSi,2,2,2025,6
Geishan Pallo,Kilo IF/3,4,2,2025,6
AFG united,Andalus FC/Alpujarra,1,2,2025,6
Kurvin Vauhti/Partiz,FC Juvantus,0,2,2025,6
Käpylä Maanantai,FC Germania/Akademie,0,2,2025,6
Mando United,Kullervo/Mosaic,2,1,2025,6
Töölö Tigers,TöTa/FC Mauskis,3,1,2025,6
FC POHU/CJ United,PPJ/West Wanderers,5,1,2025,6
Tähti Helsinki,Valtti/LA,3,1,2025,6
FC Viikingit/S.C.P L,Ruila,4,0,2025,6
VJS/3,KeiKa,0,3,2025,6
FC Kontu/U23,MK United/Warriors,2,2,2025,6
Sibbo-Vargarna/2,Ares -86,7,0,2025,6
KP-75,FC MVP,3,1,2025,6
FC POHU/Toivo,PPJ/Jätkäsaari,1,2,2025,6
JaVo,JäPS/City,1,0,2025,6
NJS/2,FC POHU/Shrimps,7,0,2025,6
Strikers/Bertil,PPV/Seos,4,0,2025,6
Pelikaani,FC Tuusula,2,1,2025,6
FC POHU/JäPa,PuiU/Akatemia,0,2,2025,6
HiHi,PoPo,0,6,2025,6
KJS/Sininen,Vermo Vikings,0,0,2025,6
Mäntsälän Urheilijat,Iitin Pallo-68,2,5,2025,6
Union Plaani/17,FC Kapina/2,4,3,2025,6
FC Villisiat,ViSa,3,3,2025,6
HaTP,MyPa/FC,6,2,2025,6
KarPo,FC Etapo,0,3,2025,6
Ruila,Andalus FC/Alpujarra,7,3,2025,6
FC POHU/CJ United,Kutosen Klopit,5,2,2025,6
AC Rastaala,FC Kirkkonummi/2,3,1,2025,6
FC OHO UNITED,FC Babylon,2,2,2025,6
FC POHU/Futboleros,Pessoas Boas,2,1,2025,6
Tikka/2,ViTa,7,0,2025,6
PEP/Pitkätossut,HPS/Jägers,0,2,2025,6
FC POHU/Traktori,Valtti/LA,3,2,2025,6
Kullervo/Mosaic,Käpylä Maanantai,3,0,2025,6
PiTa/II,HeMan,1,3,2025,6
HJK/Kantsu 94,PPS/Diablos Rojos,1,3,2025,6
HausPa,Naseva,3,1,2025,6
HAlku/FC,AC JazzPa,2,7,2025,6
Veijarit,FC Viikingit/S.C.P L,1,0,2025,6
HH Palloveikot,Espoon Sonnit,0,1,2025,6
TöTa/FC Mauskis,Helsinki Stars,0,0,2025,6
Töölö Tigers,PPJ/Faijat Jätkäsaari,2,2,2025,6
Jokerit FC/2,Kurvin Vauhti/Partiz,2,0,2025,6
FC Juvantus,FC POHU/SiPa,1,6,2025,6
Länsiväylän Dynamo,HooGee/Hodari,2,2,2025,6
AC StaSi,FC Degis,3,3,2025,6
FC FC,Geishan Pallo,1,2,2025,6
FC Kiffen/2,StaKe FC,0,2,2025,6
DFSV,Mando United,0,15,2025,6
JäPS/Akatemia,KOPSE/VI,0,0,2025,6
Ponnistus/Peruskallio,FC POHU/Toivo,1,3,2025,6
PPJ/Jätkäsaari,HePuLi,6,2,2025,6
Kilo IF/3,FC Kotkat,0,6,2025,6
FC Dons/Akatemia,HJK/Töölön Ihme,4,1,2025,6
AFG united,Tähti Helsinki,4,0,2025,6
Kulps,FC Kontu/ST,2,4,2025,6
Valtti/LA,Ruila,3,3,2025,6
PPJ/Faijat Jätkäsaari,StaKe FC,1,4,2025,6
FC MVP,KOPSE/VI,7,0,2025,6
VJS/3,HJK/Kantsu 94,4,2,2025,6
Sibbo-Vargarna/2,JäPS/Akatemia,0,1,2025,6
Strikers/Bertil,FC OHO UNITED,5,1,2025,6
FC Kirkkonummi/2,Vermo Vikings,1,3,2025,6
Iitin Pallo-68,Naseva,2,1,2025,6
JaVo,Mäntsälän Urheilijat,3,0,2025,6
EPS/2,AC Rastaala,2,2,2025,6
FC Babylon,HeMan,2,3,2025,6
KJS/Sininen,Tikka/2,0,2,2025,6
FC Etapo,HaTP,0,0,2025,6
FC Villisiat,Jäntevä/Ukot,2,1,2025,6
KarPo,HiHi,3,1,2025,6
PPV/Seos,Ponnistus/Peruskallio,1,2,2025,6
Kulps,AC StaSi,2,5,2025,6
FC Germania/Akademie,Jokerit FC/2,3,2,2025,6
AFG united,FC Kontu/U23,4,1,2025,6
KeiKa,PEP/Pitkätossut,1,0,2025,6
Kilo IF/3,Kutosen Klopit,5,4,2025,6
HooGee/Hodari,ViTa,2,3,2025,6
FC Tuusula,Ares -86,2,6,2025,6
JäPS/City,Union Plaani/17,4,5,2025,6
Pessoas Boas,Helsinki Stars,0,5,2025,6
PPJ/West Wanderers,Espoon Sonnit,4,1,2025,6
AC JazzPa,Pelikaani,1,1,2025,6
HAlku/FC,KP-75,0,3,2025,6
FC POHU/Traktori,Veijarit,4,2,2025,6
FC Kiffen/2,TöTa/FC Mauskis,1,4,2025,6
FC Juvantus,DFSV,2,1,2025,6
Geishan Pallo,FC Kotkat,2,2,2025,6
FC Degis,PuiU/Akatemia,1,4,2025,6
MK United/Warriors,FC Viikingit/S.C.P L,1,1,2025,6
FC Dons/Akatemia,FC POHU/Futboleros,1,3,2025,6
FC POHU/SiPa,Kullervo/Mosaic,3,0,2025,6
HJK/Töölön Ihme,Töölö Tigers,0,5,2025,6
FC POHU/CJ United,HH Palloveikot,9,2,2025,6
Andalus FC/Alpujarra,Tähti Helsinki,4,8,2025,6
Mando United,Kurvin Vauhti/Partiz,8,1,2025,6
MyPa/FC,ViSa,7,1,2025,6
Lännen Torpedo,NJS/2,2,3,2025,6
FC Kapina/2,Korian Klubi/2,1,3,2025,6
FC POHU/Toivo,HePuLi,2,0,2025,6
PPS/Diablos Rojos,FC POHU/Shrimps,6,0,2025,6
FC OHO UNITED,PPV/Seos,2,2,2025,6
FC Kontu/U23,FC POHU/Traktori,4,0,2025,6
KP-75,AC JazzPa,4,0,2025,6
HausPa,JaVo,6,1,2025,6
NJS/2,VJS/3,2,0,2025,6
Pelikaani,Sibbo-Vargarna/2,0,8,2025,6
HiHi,FC Etapo,1,1,2025,6
Mäntsälän Urheilijat,JäPS/City,1,2,2025,6
HeMan,FC POHU/Toivo,2,2,2025,6
Töölö Tigers,FC Kiffen/2,4,1,2025,6
Ponnistus/Peruskallio,PPJ/Jätkäsaari,3,2,2025,6
Helsinki Stars,PPJ/Faijat Jätkäsaari,9,0,2025,6
Korian Klubi/2,Iitin Pallo-68,4,0,2025,6
Jokerit FC/2,FC Juvantus,3,0,2025,6
Vermo Vikings,HooGee/Hodari,2,3,2025,6
DFSV,FC POHU/SiPa,0,4,2025,6
HJK/Kantsu 94,KeiKa,2,4,2025,6
HePuLi,FC Babylon,5,0,2025,6
MK United/Warriors,Andalus FC/Alpujarra,3,0,2025,6
PEP/Pitkätossut,Lännen Torpedo,8,2,2025,6
KOPSE/VI,FC Tuusula,7,1,2025,6
Ares -86,FC MVP,2,6,2025,6
TöTa/FC Mauskis,FC Dons/Akatemia,3,0,2025,6
AC Rastaala,KJS/Sininen,2,2,2025,6
FC POHU/Futboleros,HJK/Töölön Ihme,1,0,2025,6
AC StaSi,FC Kontu/ST,1,1,2025,6
AFG united,Ruila,6,2,2025,6
Länsiväylän Dynamo,EPS/2,1,6,2025,6
Jäntevä/Ukot,KarPo,3,1,2025,6
HH Palloveikot,FC FC,3,2,2025,6
Kutosen Klopit,PPJ/West Wanderers,1,7,2025,6
ViTa,FC Kirkkonummi/2,3,1,2025,6
Espoon Sonnit,Kilo IF/3,2,0,2025,6
ViSa,PoPo,3,5,2025,6
Veijarit,Valtti/LA,2,2,2025,6
JäPS/Akatemia,HAlku/FC,6,0,2025,6
Tähti Helsinki,FC Viikingit/S.C.P L,3,3,2025,6
StaKe FC,Pessoas Boas,0,2,2025,6
PuiU/Akatemia,MLHF,3,1,2025,6
Naseva,FC Kapina/2,3,3,2025,6
FC POHU/Shrimps,HPS/Jägers,1,10,2025,6
FC Kotkat,FC POHU/CJ United,0,3,2025,6
Kurvin Vauhti/Partiz,Käpylä Maanantai,0,6,2025,6
Kullervo/Mosaic,FC Germania/Akademie,0,0,2025,6
PiTa/II,Strikers/Bertil,1,3,2025,6
Valtti/LA,FC Kontu/U23,0,3,2025,6
PPJ/Faijat Jätkäsaari,FC POHU/Futboleros,2,7,2025,6
FC MVP,HAlku/FC,2,0,2025,6
PPV/Seos,FC POHU/Toivo,2,3,2025,6
EPS/2,Tikka/2,0,0,2025,6
FC Kirkkonummi/2,Länsiväylän Dynamo,0,2,2025,6
Sibbo-Vargarna/2,KOPSE/VI,3,0,2025,6
Iitin Pallo-68,JaVo,3,1,2025,6
MyPa/FC,HiHi,1,1,2025,6
PPS/Diablos Rojos,VJS/3,1,1,2025,6
KJS/Sininen,ViTa,1,1,2025,6
Ares -86,Pelikaani,1,2,2025,6
FC Kiffen/2,Helsinki Stars,0,9,2025,6
Korian Klubi/2,Union Plaani/17,3,7,2025,6
FC Etapo,Jäntevä/Ukot,2,4,2025,6
FC Tuusula,KP-75,0,9,2025,6
MLHF,AC StaSi,3,1,2025,6
PPV/Seos,PiTa/II,1,1,2025,6
PPJ/West Wanderers,FC FC,3,1,2025,6
FC Kontu/ST,FC POHU/JäPa,4,1,2025,6
Pessoas Boas,FC Dons/Akatemia,1,1,2025,6
FC Babylon,Strikers/Bertil,2,5,2025,6
FC POHU/SiPa,Jokerit FC/2,4,1,2025,6
FC Degis,Kulps,7,1,2025,6
AFG united,MK United/Warriors,1,0,2025,6
Käpylä Maanantai,DFSV,5,2,2025,6
FC Kapina/2,Mäntsälän Urheilijat,2,2,2025,6
PPJ/Jätkäsaari,HeMan,1,6,2025,6
JäPS/City,HausPa,0,4,2025,6
Andalus FC/Alpujarra,Veijarit,1,5,2025,6
Geishan Pallo,HH Palloveikot,1,3,2025,6
Vermo Vikings,AC Rastaala,4,1,2025,6
HJK/Töölön Ihme,TöTa/FC Mauskis,0,3,2025,6
Kutosen Klopit,FC Kotkat,1,7,2025,6
FC POHU/CJ United,Espoon Sonnit,5,1,2025,6
HePuLi,Ponnistus/Peruskallio,3,1,2025,6
HPS/Jägers,HJK/Kantsu 94,1,1,2025,6
AC JazzPa,JäPS/Akatemia,1,3,2025,6
FC Germania/Akademie,Kurvin Vauhti/Partiz,2,0,2025,6
ViSa,HaTP,3,6,2025,6
StaKe FC,Töölö Tigers,0,4,2025,6
Lännen Torpedo,FC POHU/Shrimps,2,3,2025,6
Mando United,FC Juvantus,8,2,2025,6
FC POHU/Toivo,FC OHO UNITED,2,2,2025,6
FC Viikingit/S.C.P L,FC POHU/Traktori,4,1,2025,6
Tähti Helsinki,Ruila,5,1,2025,6
PoPo,KarPo,2,2,2025,6
PPS/Diablos Rojos,HPS/Jägers,5,3,2025,6
HeMan,Strikers/Bertil,1,4,2025,6
KeiKa,NJS/2,3,1,2025,6
PPJ/West Wanderers,Kilo IF/3,5,0,2025,6
FC MVP,FC Tuusula,5,1,2025,6
VJS/3,Lännen Torpedo,3,2,2025,6
ViTa,EPS/2,0,3,2025,6
FC Degis,MLHF,1,6,2025,6
FC POHU/Futboleros,Töölö Tigers,3,4,2025,6
TöTa/FC Mauskis,StaKe FC,2,1,2025,6
HeMan,PPV/Seos,1,3,2025,6
Iitin Pallo-68,FC Kapina/2,6,1,2025,6
DFSV,Kullervo/Mosaic,0,3,2025,6
PuiU/Akatemia,FC Kontu/ST,0,4,2025,6
HAlku/FC,Sibbo-Vargarna/2,0,5,2025,6
HiHi,HaTP,0,3,2025,6
FC Kontu/U23,Tähti Helsinki,3,2,2025,6
FC Viikingit/S.C.P L,Andalus FC/Alpujarra,6,4,2025,6
Helsinki Stars,HJK/Töölön Ihme,3,2,2025,6
Veijarit,Ruila,0,0,2025,6
HausPa,Korian Klubi/2,4,6,2025,6
PiTa/II,HePuLi,2,4,2025,6
KarPo,FC Villisiat,4,2,2025,6
FC Dons/Akatemia,FC Kiffen/2,4,3,2025,6
Espoon Sonnit,Geishan Pallo,1,2,2025,6
HJK/Kantsu 94,PEP/Pitkätossut,3,1,2025,6
Mando United,Käpylä Maanantai,1,1,2025,6
MK United/Warriors,Valtti/LA,3,1,2025,6
Tikka/2,Vermo Vikings,0,1,2025,6
HooGee/Hodari,FC Kirkkonummi/2,2,2,2025,6
KOPSE/VI,AC JazzPa,10,0,2025,6
FC FC,FC POHU/CJ United,0,3,2025,6
Kurvin Vauhti/Partiz,FC POHU/SiPa,1,1,2025,6
AFG united,FC POHU/Traktori,4,0,2025,6
FC Babylon,FC POHU/Toivo,4,2,2025,6
Länsiväylän Dynamo,AC Rastaala,0,5,2025,6
Jäntevä/Ukot,ViSa,10,0,2025,6
HH Palloveikot,Kutosen Klopit,2,0,2025,6
KP-75,Pelikaani,5,2,2025,6
JäPS/Akatemia,Ares -86,12,3,2025,6
FC Juvantus,FC Germania/Akademie,4,1,2025,6
Strikers/Bertil,PPJ/Jätkäsaari,5,0,2025,6
FC OHO UNITED,Ponnistus/Peruskallio,1,1,2025,6
Naseva,JäPS/City,4,0,2025,6
FC POHU/Shrimps,KeiKa,0,8,2025,6
Mäntsälän Urheilijat,Union Plaani/17,2,5,2025,6
Pessoas Boas,PPJ/Faijat Jätkäsaari,6,4,2025,6
PoPo,MyPa/FC,8,1,2025,6
Ponnistus/Peruskallio,Strikers/Bertil,1,3,2025,6
PPJ/Faijat Jätkäsaari,TöTa/FC Mauskis,0,1,2025,6
HJK/Töölön Ihme,Pessoas Boas,1,7,2025,6
EPS/2,HooGee/Hodari,4,0,2025,6
FC Kirkkonummi/2,Tikka/2,0,3,2025,6
FC Villisiat,HiHi,3,1,2025,6
HaTP,KarPo,3,2,2025,6
Valtti/LA,FC Viikingit/S.C.P L,2,2,2025,6
Töölö Tigers,FC Dons/Akatemia,2,2,2025,6
Union Plaani/17,JaVo,2,1,2025,6
Sibbo-Vargarna/2,KP-75,4,3,2025,6
Ares -86,KOPSE/VI,0,3,2025,6
Andalus FC/Alpujarra,FC Kontu/U23,5,5,2025,6
Pelikaani,HAlku/FC,1,0,2025,6
KJS/Sininen,Länsiväylän Dynamo,8,0,2025,6
Korian Klubi/2,Naseva,7,2,2025,6
StaKe FC,Helsinki Stars,0,3,2025,6
FC Tuusula,JäPS/Akatemia,0,5,2025,6
FC POHU/Toivo,PiTa/II,5,3,2025,6
Lännen Torpedo,HJK/Kantsu 94,1,2,2025,6
AFG united,Veijarit,2,1,2025,6
KeiKa,PPS/Diablos Rojos,1,1,2025,6
Kilo IF/3,HH Palloveikot,2,3,2025,6
PEP/Pitkätossut,VJS/3,1,2,2025,6
FC Kapina/2,HausPa,0,4,2025,6
AC JazzPa,FC MVP,0,9,2025,6
HPS/Jägers,NJS/2,4,2,2025,6
HePuLi,HeMan,2,3,2025,6
Vermo Vikings,ViTa,4,1,2025,6
MK United/Warriors,Tähti Helsinki,3,0,2025,6
FC Kontu/ST,FC Degis,6,0,2025,6
FC POHU/SiPa,Mando United,2,2,2025,6
Käpylä Maanantai,Jokerit FC/2,4,2,2025,6
Geishan Pallo,PPJ/West Wanderers,0,3,2025,6
JäPS/City,Iitin Pallo-68,3,3,2025,6
PPJ/Jätkäsaari,FC OHO UNITED,4,3,2025,6
MLHF,FC POHU/JäPa,2,0,2025,6
PPV/Seos,FC Babylon,2,1,2025,6
MyPa/FC,Jäntevä/Ukot,2,1,2025,6
Ruila,FC POHU/Traktori,2,6,2025,6
FC Germania/Akademie,DFSV,4,3,2025,6
Kullervo/Mosaic,FC Juvantus,2,0,2025,6
FC Kiffen/2,FC POHU/Futboleros,1,2,2025,6
Kutosen Klopit,Espoon Sonnit,0,2,2025,6
FC Kotkat,FC FC,3,1,2025,6
Lännen Torpedo,PPS/Diablos Rojos,2,2,2025,6
Valtti/LA,Andalus FC/Alpujarra,2,1,2025,6
EPS/2,FC Kirkkonummi/2,1,0,2025,6
Sibbo-Vargarna/2,FC MVP,3,3,2025,6
FC Villisiat,PoPo,1,3,2025,6
JaVo,Korian Klubi/2,10,1,2025,6
Pelikaani,JäPS/Akatemia,2,3,2025,6
KarPo,ViSa,2,1,2025,6
DFSV,Kurvin Vauhti/Partiz,1,5,2025,6
Kullervo/Mosaic,Jokerit FC/2,5,4,2025,6
KeiKa,HPS/Jägers,2,0,2025,6
FC Kontu/ST,MLHF,4,1,2025,6
AFG united,FC Viikingit/S.C.P L,3,3,2025,6
PEP/Pitkätossut,NJS/2,1,5,2025,6
Ruila,FC Kontu/U23,1,6,2025,6
AC JazzPa,FC Tuusula,3,3,2025,6
FC POHU/SiPa,Käpylä Maanantai,3,1,2025,6
FC Germania/Akademie,Mando United,1,4,2025,6
MK United/Warriors,Veijarit,2,0,2025,6
AC Rastaala,Tikka/2,1,5,2025,6
Länsiväylän Dynamo,ViTa,3,3,2025,6
KP-75,KOPSE/VI,2,11,2025,6
Union Plaani/17,HausPa,1,4,2025,6
AC StaSi,PuiU/Akatemia,2,1,2025,6
FC OHO UNITED,HeMan,1,1,2025,6
PPJ/Jätkäsaari,FC Babylon,1,1,2025,6
KJS/Sininen,HooGee/Hodari,7,2,2025,6
HAlku/FC,Ares -86,1,3,2025,6
JäPS/City,FC Kapina/2,0,4,2025,6
FC Etapo,MyPa/FC,0,2,2025,6
FC POHU/Traktori,Tähti Helsinki,1,1,2025,6
Strikers/Bertil,HePuLi,3,0,2025,6
Ponnistus/Peruskallio,PiTa/II,1,1,2025,6
PPJ/Faijat Jätkäsaari,FC Kiffen/2,1,8,2025,6
PPS/Diablos Rojos,PEP/Pitkätossut,0,1,2025,6
FC MVP,Pelikaani,1,0,2025,6
Mäntsälän Urheilijat,HausPa,0,4,2025,6
FC Kirkkonummi/2,KJS/Sininen,1,3,2025,6
NJS/2,HJK/Kantsu 94,3,2,2025,6
Ares -86,AC JazzPa,3,3,2025,6
Korian Klubi/2,JäPS/City,1,2,2025,6
Helsinki Stars,FC Dons/Akatemia,4,2,2025,6
MyPa/FC,FC Villisiat,1,0,2025,6
JäPS/Akatemia,KP-75,10,2,2025,6
FC Tuusula,Sibbo-Vargarna/2,2,8,2025,6
StaKe FC,HJK/Töölön Ihme,6,1,2025,6
Kilo IF/3,FC POHU/CJ United,0,9,2025,6
FC POHU/Shrimps,VJS/3,0,7,2025,6
FC Babylon,Ponnistus/Peruskallio,2,1,2025,6
Pessoas Boas,Töölö Tigers,2,2,2025,6
Kutosen Klopit,Geishan Pallo,2,0,2025,6
Tikka/2,Länsiväylän Dynamo,6,0,2025,6
HePuLi,PPV/Seos,1,0,2025,6
HooGee/Hodari,AC Rastaala,0,2,2025,6
KOPSE/VI,HAlku/FC,10,0,2025,6
PPJ/West Wanderers,FC Kotkat,1,1,2025,6
PoPo,HaTP,6,1,2025,6
Naseva,JaVo,0,0,2025,6
TöTa/FC Mauskis,FC POHU/Futboleros,0,0,2025,6
HPS/Jägers,Lännen Torpedo,2,3,2025,6
Vermo Vikings,EPS/2,1,1,2025,6
Espoon Sonnit,FC FC,1,0,2025,6
Jäntevä/Ukot,HiHi,0,1,2025,6
ViSa,FC Etapo,0,0,2025,6
PiTa/II,FC OHO UNITED,2,2,2025,6
KPPK,FC Mango,2,1,2024,6
PaPe,KPPK,2,3,2024,6
KPPK,Vietfin FC,0,2,2024,6
FC POHU/Gettopojat,FC Mango,1,1,2024,6
PaPe,PiTa,2,3,2024,6
LePa/Cityboys,Purha,4,0,2024,6
FC FC,HeMan,2,1,2024,6
Strikers/Bertil,FC POHU/Shrimps,9,0,2024,6
Kilo IF/3,HooGee/23,2,4,2024,6
Lahden United,PaPe,0,1,2024,6
PPV/Seos,FC OHO UNITED,2,0,2024,6
Ares -86,KelA/Akatemia,0,4,2024,6
Flamingo United/2,HausPa,0,6,2024,6
KarPo,HaTP,3,3,2024,6
HeMan,Kurvin Vauhti/Partiz,0,3,2024,6
LePa/Cityboys,FC Kirkkonummi/3,8,1,2024,6
ViSa,Jäntevä/Ukot,1,6,2024,6
FC Tuusula,FC MVP,1,6,2024,6
Kullervo/Mosaic,Käpylä Maanantai,0,0,2024,6
HePuLi,FC POHU/SiPa,1,1,2024,6
FC Kontu/TDJ,Ruila,1,1,2024,6
FC Juvantus,LPS/reservi,0,1,2024,6
Veijarit,HerTo/3,3,2,2024,6
Ponnistus/Kermaa,PK-35/Legendat,2,7,2024,6
HooGee/Hodari,PiTa,0,4,2024,6
EsPa/AFG,KJS/Sininen,1,4,2024,6
Andalus FC/Alpujarra,Jokerit FC/2,3,3,2024,6
Purha,PoPo,4,5,2024,6
Länsiväylän Dynamo,AC Rastaala,3,5,2024,6
Vietfin FC,FC Eagles,4,4,2024,6
FC Haxi,FC Kontu/ST,2,2,2024,6
AC JazzPa,FC Kapina/2,2,4,2024,6
PPS/Diablos Rojos,JäPS/United,1,1,2024,6
FC City,StaPa De Royale,0,8,2024,6
PPJ/Faijat Jätkäsaari,Pessoas Boas,1,2,2024,6
Naseva,Korian Klubi/2,3,1,2024,6
FC POHU/Atl Koffari,FC Germania/Akademie,1,2,2024,6
FC POHU/United,KPPK,2,0,2024,6
MyPa/FC,JaVo,0,1,2024,6
FC Dons/Akatemia,HJK/Töölön Ihme,1,1,2024,6
FC Puimur,FC POHU/Shrimps,1,2,2024,6
FC Viikingit/S.C.P L,Valtti/keltainen,6,1,2024,6
MLHF,TiPS/Legends,6,0,2024,6
Kulps,Ponnistus/Peruskallio,2,2,2024,6
TöTa/FC Mauskis,FC FC,4,0,2024,6
Geishan Pallo,LePa/Via Alberga,0,4,2024,6
FC Mango,AFC EMU,3,1,2024,6
Strikers/Bertil,HPS/Jägers,1,0,2024,6
FC POHU/Gettopojat,FC ST4Y,2,5,2024,6
HJK/Kantsu 94,HH Palloveikot,3,1,2024,6
HAlku/FC,KeiKa,1,8,2024,6
Lännen Torpedo,Vermo Vikings,2,2,2024,6
Lahden United,Korian Klubi/2,7,3,2024,6
FC Villisiat,Naseva,3,1,2024,6
FC Loviisa/LIK,HiHi,3,0,2024,6
FC MVP,PPS/Diablos Rojos,1,0,2024,6
FC POHU/SiPa,HooGee/Hodari,5,0,2024,6
Flamingo United/2,Iitin Pallo-68,1,2,2024,6
HaTP,FC Etapo,1,2,2024,6
LePa/Via Alberga,PPV/Seos,2,0,2024,6
FC POHU/United,FC POHU/Shrimps,9,0,2024,6
HerTo/3,Veijarit,4,0,2024,6
TiPS/Legends,FC Viikingit/S.C.P L,1,3,2024,6
HPS/Jägers,FC Puimur,2,0,2024,6
FC ST4Y,HeMan,8,0,2024,6
KelA/Akatemia,AC JazzPa,5,0,2024,6
Jäntevä/Ukot,FC Loviisa/LIK,7,0,2024,6
PaPe,MyPa/FC,4,1,2024,6
Valtti/keltainen,FC Eagles,1,18,2024,6
Vermo Vikings,Geishan Pallo,1,3,2024,6
HH Palloveikot,Ponnistus/Kermaa,2,3,2024,6
FC FC,PPJ/Faijat Jätkäsaari,3,0,2024,6
Kurvin Vauhti/Partiz,TöTa/FC Mauskis,0,1,2024,6
FC Germania/Akademie,Kullervo/Mosaic,2,2,2024,6
HJK/Töölön Ihme,FC POHU/Gettopojat,1,7,2024,6
Fc Vuosaari/Ex-WK,FC Kontu/TDJ,0,3,2024,6
PiTa,Lännen Torpedo,6,0,2024,6
AFC EMU,FC Haxi,2,7,2024,6
KeiKa,Ares -86,5,1,2024,6
PK-35/Legendat,Strikers/Bertil,7,2,2024,6
FC Kirkkonummi/3,EsPa/AFG,2,1,2024,6
AC Rastaala,ViTa,1,2,2024,6
KJS/Sininen,Kilo IF/3,3,2,2024,6
JäPS/United,HAlku/FC,4,1,2024,6
Pessoas Boas,FC Dons/Akatemia,3,1,2024,6
StaPa De Royale,FC Juvantus,10,0,2024,6
Ruila,MLHF,2,8,2024,6
FC Kontu/ST,Veijarit,2,1,2024,6
KPPK,HJK/Kantsu 94,2,1,2024,6
Käpylä Maanantai,Kulps,3,2,2024,6
HooGee/23,Länsiväylän Dynamo,9,0,2024,6
HiHi,KarPo,1,8,2024,6
Ponnistus/Peruskallio,FC City,2,3,2024,6
FC OHO UNITED,HePuLi,0,2,2024,6
HerTo/3,AC StaSi,3,2,2024,6
FC Fortuna/Itä,Vietfin FC,1,3,2024,6
FC Kapina/2,FC Tuusula,4,1,2024,6
Jokerit FC/2,FC Mango,1,4,2024,6
PoPo,ViSa,3,0,2024,6
FC Eagles,FC Fortuna/Itä,6,0,2024,6
HeMan,PPJ/Faijat Jätkäsaari,1,2,2024,6
FC MVP,KeiKa,2,1,2024,6
Flamingo United/2,FC Villisiat,1,3,2024,6
LePa/Via Alberga,FC OHO UNITED,4,2,2024,6
FC POHU/United,Ponnistus/Kermaa,3,0,2024,6
HausPa,PaPe,1,2,2024,6
HiHi,HaTP,0,3,2024,6
Vietfin FC,MLHF,0,2,2024,6
KelA/Akatemia,FC Kapina/2,6,0,2024,6
FC Loviisa/LIK,PoPo,0,4,2024,6
KarPo,Purha,0,1,2024,6
FC Etapo,ViSa,1,1,2024,6
Valtti/keltainen,FC Fortuna/Itä,2,5,2024,6
FC Juvantus,Kullervo/Mosaic,0,3,2024,6
PPV/Seos,HooGee/Hodari,3,2,2024,6
Länsiväylän Dynamo,LePa/Cityboys,2,4,2024,6
HePuLi,Lännen Torpedo,6,1,2024,6
FC Kontu/ST,HerTo/3,1,0,2024,6
TöTa/FC Mauskis,FC Dons/Akatemia,1,0,2024,6
FC POHU/Gettopojat,Pessoas Boas,1,0,2024,6
FC FC,HJK/Töölön Ihme,5,3,2024,6
FC Puimur,PK-35/Legendat,0,9,2024,6
Kilo IF/3,FC Kirkkonummi/3,1,5,2024,6
Ares -86,JäPS/United,1,5,2024,6
FC Haxi,Jokerit FC/2,9,0,2024,6
Korian Klubi/2,JaVo,0,5,2024,6
HJK/Kantsu 94,Strikers/Bertil,3,1,2024,6
FC Eagles,FC Kontu/TDJ,6,0,2024,6
HH Palloveikot,HPS/Jägers,3,1,2024,6
Kulps,FC Germania/Akademie,0,2,2024,6
AC StaSi,FC Mango,1,1,2024,6
HooGee/23,AC Rastaala,4,3,2024,6
ViTa,EsPa/AFG,2,1,2024,6
FC POHU/SiPa,Vermo Vikings,2,2,2024,6
FC POHU/Shrimps,KPPK,0,10,2024,6
AC JazzPa,PPS/Diablos Rojos,5,0,2024,6
FC Viikingit/S.C.P L,Ruila,5,1,2024,6
Veijarit,Andalus FC/Alpujarra,1,3,2024,6
Ponnistus/Peruskallio,StaPa De Royale,0,6,2024,6
FC ST4Y,Kurvin Vauhti/Partiz,2,2,2024,6
Geishan Pallo,PiTa,1,6,2024,6
Naseva,MyPa/FC,3,0,2024,6
Fc Vuosaari/Ex-WK,TiPS/Legends,0,2,2024,6
FC City,FC POHU/Atl Koffari,4,0,2024,6
FC Tuusula,HAlku/FC,2,3,2024,6
LPS/reservi,Käpylä Maanantai,6,1,2024,6
HAlku/FC,AC JazzPa,5,0,2024,6
FC OHO UNITED,Geishan Pallo,2,1,2024,6
PPJ/Faijat Jätkäsaari,FC POHU/Gettopojat,0,3,2024,6
EsPa/AFG,Länsiväylän Dynamo,0,0,2024,6
FC Villisiat,Korian Klubi/2,3,1,2024,6
FC Mango,FC Haxi,1,6,2024,6
FC POHU/United,Strikers/Bertil,4,0,2024,6
FC Fortuna/Itä,Fc Vuosaari/Ex-WK,1,1,2024,6
FC Kirkkonummi/3,ViTa,3,5,2024,6
HPS/Jägers,FC POHU/Shrimps,9,1,2024,6
Lahden United,HausPa,3,0,2024,6
FC Dons/Akatemia,HeMan,2,1,2024,6
PaPe,Naseva,4,1,2024,6
FC Mango,Veijarit,3,1,2024,6
PK-35/Legendat,HJK/Kantsu 94,5,2,2024,6
Vermo Vikings,LePa/Via Alberga,3,1,2024,6
FC OHO UNITED,FC POHU/SiPa,2,3,2024,6
FC Kontu/TDJ,FC Viikingit/S.C.P L,0,4,2024,6
Pessoas Boas,TöTa/FC Mauskis,3,0,2024,6
KPPK,HH Palloveikot,2,2,2024,6
MLHF,FC Eagles,2,5,2024,6
KeiKa,KelA/Akatemia,0,1,2024,6
HooGee/Hodari,Geishan Pallo,1,2,2024,6
Andalus FC/Alpujarra,FC Haxi,1,9,2024,6
KJS/Sininen,HooGee/23,3,4,2024,6
JäPS/United,FC Tuusula,1,0,2024,6
Jokerit FC/2,AC StaSi,3,4,2024,6
Lännen Torpedo,PPV/Seos,2,3,2024,6
AFC EMU,FC Kontu/ST,1,2,2024,6
FC Germania/Akademie,FC Juvantus,3,2,2024,6
Ruila,Vietfin FC,2,4,2024,6
TiPS/Legends,Valtti/keltainen,15,0,2024,6
Purha,FC Loviisa/LIK,2,2,2024,6
Jäntevä/Ukot,HiHi,2,1,2024,6
ViSa,KarPo,1,2,2024,6
FC POHU/Atl Koffari,Kulps,3,0,2024,6
Ponnistus/Kermaa,FC Puimur,3,0,2024,6
PPS/Diablos Rojos,Ares -86,3,1,2024,6
StaPa De Royale,LPS/reservi,2,2,2024,6
Kullervo/Mosaic,FC City,1,2,2024,6
HJK/Töölön Ihme,FC ST4Y,0,6,2024,6
PiTa,HePuLi,3,1,2024,6
FC Kapina/2,FC MVP,2,5,2024,6
Käpylä Maanantai,Ponnistus/Peruskallio,2,1,2024,6
Kurvin Vauhti/Partiz,FC FC,0,2,2024,6
MyPa/FC,Iitin Pallo-68,1,6,2024,6
PoPo,FC Etapo,1,0,2024,6
EsPa/AFG,AC Rastaala,1,1,2024,6
Flamingo United/2,Lahden United,0,6,2024,6
Iitin Pallo-68,PaPe,1,0,2024,6
KelA/Akatemia,PPS/Diablos Rojos,5,0,2024,6
LePa/Via Alberga,HooGee/Hodari,1,2,2024,6
HiHi,Purha,0,7,2024,6
Ares -86,FC MVP,1,3,2024,6
HAlku/FC,FC Kapina/2,1,3,2024,6
FC Tuusula,KeiKa,0,2,2024,6
FC Etapo,Jäntevä/Ukot,1,0,2024,6
KarPo,PoPo,1,1,2024,6
Valtti/keltainen,FC Kontu/TDJ,1,3,2024,6
FC Eagles,Ruila,8,1,2024,6
PPV/Seos,PiTa,0,2,2024,6
Länsiväylän Dynamo,FC Kirkkonummi/3,1,3,2024,6
FC Kontu/ST,Andalus FC/Alpujarra,2,2,2024,6
MLHF,FC Fortuna/Itä,3,3,2024,6
TöTa/FC Mauskis,HJK/Töölön Ihme,2,1,2024,6
FC POHU/Shrimps,Ponnistus/Kermaa,0,2,2024,6
HePuLi,Vermo Vikings,1,1,2024,6
FC Viikingit/S.C.P L,Fc Vuosaari/Ex-WK,1,0,2024,6
Geishan Pallo,FC POHU/SiPa,1,0,2024,6
HJK/Kantsu 94,HPS/Jägers,1,6,2024,6
Veijarit,Jokerit FC/2,0,2,2024,6
Vietfin FC,TiPS/Legends,1,2,2024,6
HeMan,Pessoas Boas,0,2,2024,6
Strikers/Bertil,KPPK,1,2,2024,6
FC Juvantus,Käpylä Maanantai,2,0,2024,6
Kulps,LPS/reservi,1,4,2024,6
PK-35/Legendat,FC POHU/United,4,2,2024,6
ViTa,KJS/Sininen,2,3,2024,6
HooGee/23,LePa/Cityboys,1,1,2024,6
Kullervo/Mosaic,StaPa De Royale,1,5,2024,6
ViSa,HaTP,3,1,2024,6
FC POHU/Gettopojat,FC FC,3,2,2024,6
AC StaSi,AFC EMU,3,3,2024,6
FC Mango,HerTo/3,0,1,2024,6
FC Dons/Akatemia,Kurvin Vauhti/Partiz,0,2,2024,6
FC Puimur,HH Palloveikot,2,4,2024,6
Ponnistus/Peruskallio,FC POHU/Atl Koffari,4,1,2024,6
AC JazzPa,JäPS/United,1,1,2024,6
FC City,FC Germania/Akademie,3,2,2024,6
Lännen Torpedo,FC OHO UNITED,1,1,2024,6
FC ST4Y,PPJ/Faijat Jätkäsaari,5,0,2024,6
Korian Klubi/2,HausPa,1,3,2024,6
MyPa/FC,FC Villisiat,3,0,2024,6
Naseva,JaVo,1,1,2024,6
FC POHU/SiPa,PPV/Seos,5,3,2024,6
TiPS/Legends,FC Fortuna/Itä,1,2,2024,6
PPJ/Faijat Jätkäsaari,FC Dons/Akatemia,2,2,2024,6
FC MVP,AC JazzPa,11,0,2024,6
Jokerit FC/2,FC Kontu/ST,2,2,2024,6
Lahden United,MyPa/FC,2,1,2024,6
Korian Klubi/2,Iitin Pallo-68,1,2,2024,6
JaVo,FC Villisiat,0,0,2024,6
LePa/Cityboys,EsPa/AFG,6,1,2024,6
HausPa,Naseva,2,4,2024,6
HPS/Jägers,KPPK,0,2,2024,6
Kulps,FC Juvantus,2,1,2024,6
FC Loviisa/LIK,FC Etapo,2,2,2024,6
PaPe,Flamingo United/2,16,0,2024,6
PK-35/Legendat,FC POHU/Shrimps,12,1,2024,6
Vermo Vikings,FC OHO UNITED,1,2,2024,6
FC POHU/Gettopojat,TöTa/FC Mauskis,2,0,2024,6
FC Kontu/TDJ,MLHF,0,4,2024,6
HJK/Töölön Ihme,Kurvin Vauhti/Partiz,1,1,2024,6
HH Palloveikot,FC POHU/United,0,5,2024,6
Geishan Pallo,HePuLi,7,1,2024,6
FC Viikingit/S.C.P L,Vietfin FC,0,3,2024,6
KeiKa,FC Kapina/2,3,2,2024,6
HooGee/Hodari,Lännen Torpedo,1,5,2024,6
FC Kirkkonummi/3,HooGee/23,0,4,2024,6
Ares -86,FC Tuusula,4,1,2024,6
KJS/Sininen,AC Rastaala,4,1,2024,6
Andalus FC/Alpujarra,FC Mango,2,5,2024,6
JäPS/United,KelA/Akatemia,0,4,2024,6
FC POHU/Atl Koffari,Kullervo/Mosaic,1,3,2024,6
Ponnistus/Kermaa,Strikers/Bertil,2,1,2024,6
FC Germania/Akademie,Ponnistus/Peruskallio,0,1,2024,6
Fc Vuosaari/Ex-WK,FC Eagles,1,5,2024,6
AFC EMU,HerTo/3,0,5,2024,6
Purha,ViSa,2,1,2024,6
ViTa,Kilo IF/3,1,3,2024,6
Jäntevä/Ukot,HaTP,2,0,2024,6
FC Haxi,AC StaSi,3,1,2024,6
FC Puimur,HJK/Kantsu 94,1,6,2024,6
Käpylä Maanantai,StaPa De Royale,0,5,2024,6
Ruila,Valtti/keltainen,16,0,2024,6
PPS/Diablos Rojos,HAlku/FC,3,1,2024,6
Pessoas Boas,FC ST4Y,0,3,2024,6
PiTa,LePa/Via Alberga,2,4,2024,6
PoPo,HiHi,4,3,2024,6
EsPa/AFG,Kilo IF/3,4,1,2024,6
HeMan,HJK/Töölön Ihme,2,1,2024,6
HaTP,PoPo,3,8,2024,6
Iitin Pallo-68,JaVo,2,2,2024,6
FC Villisiat,PaPe,2,2,2024,6
KelA/Akatemia,FC MVP,9,3,2024,6
LePa/Via Alberga,FC POHU/SiPa,2,0,2024,6
FC Fortuna/Itä,Ruila,0,3,2024,6
HausPa,MyPa/FC,2,1,2024,6
HPS/Jägers,FC POHU/United,2,5,2024,6
FC OHO UNITED,PiTa,0,1,2024,6
FC Etapo,Purha,2,1,2024,6
HAlku/FC,Ares -86,3,3,2024,6
KarPo,Jäntevä/Ukot,3,5,2024,6
Valtti/keltainen,Fc Vuosaari/Ex-WK,0,10,2024,6
Kullervo/Mosaic,Kulps,2,0,2024,6
PPV/Seos,Vermo Vikings,0,3,2024,6
Länsiväylän Dynamo,KJS/Sininen,1,3,2024,6
Vietfin FC,FC Kontu/TDJ,9,2,2024,6
Ponnistus/Peruskallio,LPS/reservi,1,14,2024,6
TöTa/FC Mauskis,PPJ/Faijat Jätkäsaari,2,0,2024,6
HePuLi,HooGee/Hodari,1,2,2024,6
FC ST4Y,FC FC,6,1,2024,6
AC StaSi,Andalus FC/Alpujarra,6,1,2024,6
HJK/Kantsu 94,Ponnistus/Kermaa,2,0,2024,6
AC Rastaala,FC Kirkkonummi/3,7,1,2024,6
Strikers/Bertil,FC Puimur,4,2,2024,6
Kurvin Vauhti/Partiz,Pessoas Boas,0,2,2024,6
Lännen Torpedo,Geishan Pallo,4,0,2024,6
FC City,Käpylä Maanantai,4,1,2024,6
HerTo/3,Jokerit FC/2,1,0,2024,6
FC Juvantus,FC POHU/Atl Koffari,1,4,2024,6
ViTa,LePa/Cityboys,2,1,2024,6
Korian Klubi/2,Flamingo United/2,8,0,2024,6
MLHF,FC Viikingit/S.C.P L,3,2,2024,6
FC POHU/Shrimps,HH Palloveikot,0,7,2024,6
ViSa,FC Loviisa/LIK,3,0,2024,6
FC Dons/Akatemia,FC POHU/Gettopojat,1,2,2024,6
KPPK,PK-35/Legendat,1,0,2024,6
StaPa De Royale,FC Germania/Akademie,7,0,2024,6
AC JazzPa,KeiKa,0,8,2024,6
FC Eagles,TiPS/Legends,1,1,2024,6
Veijarit,AFC EMU,3,2,2024,6
FC Tuusula,PPS/Diablos Rojos,1,3,2024,6
FC Kapina/2,JäPS/United,1,4,2024,6
Naseva,Lahden United,0,0,2024,6
FC POHU/Shrimps,Strikers/Bertil,0,5,2024,6
HeMan,FC POHU/Gettopojat,2,2,2024,6
FC Fortuna/Itä,FC Kontu/TDJ,1,2,2024,6
FC MVP,HAlku/FC,2,3,2024,6
Flamingo United/2,Naseva,2,6,2024,6
HaTP,Purha,2,3,2024,6
Iitin Pallo-68,HausPa,2,3,2024,6
FC Villisiat,Lahden United,0,6,2024,6
JaVo,PaPe,5,1,2024,6
KelA/Akatemia,FC Tuusula,4,1,2024,6
LePa/Via Alberga,HePuLi,1,0,2024,6
FC POHU/United,FC Puimur,11,1,2024,6
HiHi,FC Etapo,0,5,2024,6
HPS/Jägers,PK-35/Legendat,0,2,2024,6
Korian Klubi/2,MyPa/FC,2,2,2024,6
KarPo,FC Loviisa/LIK,1,1,2024,6
Valtti/keltainen,Vietfin FC,1,11,2024,6
Käpylä Maanantai,FC Germania/Akademie,2,2,2024,6
PPV/Seos,Geishan Pallo,1,1,2024,6
Vermo Vikings,PiTa,2,2,2024,6
Länsiväylän Dynamo,Kilo IF/3,2,2,2024,6
Kurvin Vauhti/Partiz,PPJ/Faijat Jätkäsaari,1,2,2024,6
KPPK,Ponnistus/Kermaa,2,1,2024,6
HH Palloveikot,Strikers/Bertil,2,0,2024,6
KeiKa,JäPS/United,3,1,2024,6
FC POHU/SiPa,Lännen Torpedo,1,3,2024,6
AC Rastaala,LePa/Cityboys,0,1,2024,6
TiPS/Legends,Ruila,2,3,2024,6
KJS/Sininen,FC Kirkkonummi/3,11,1,2024,6
Fc Vuosaari/Ex-WK,MLHF,2,0,2024,6
AFC EMU,Jokerit FC/2,2,1,2024,6
FC City,Kulps,5,1,2024,6
HJK/Töölön Ihme,Pessoas Boas,2,2,2024,6
FC POHU/Shrimps,HJK/Kantsu 94,1,9,2024,6
Ponnistus/Peruskallio,FC Juvantus,2,1,2024,6
ViTa,HooGee/23,3,2,2024,6
Jäntevä/Ukot,PoPo,3,2,2024,6
HerTo/3,Andalus FC/Alpujarra,2,1,2024,6
FC FC,FC Dons/Akatemia,0,1,2024,6
StaPa De Royale,FC POHU/Atl Koffari,14,0,2024,6
AC JazzPa,Ares -86,0,1,2024,6
FC Kontu/ST,AC StaSi,4,3,2024,6
Veijarit,FC Haxi,0,3,2024,6
LPS/reservi,Kullervo/Mosaic,1,1,2024,6
FC ST4Y,TöTa/FC Mauskis,1,0,2024,6
FC Kapina/2,PPS/Diablos Rojos,5,2,2024,6
FC OHO UNITED,HooGee/Hodari,4,2,2024,6
PPJ/Faijat Jätkäsaari,HJK/Töölön Ihme,1,3,2024,6
EsPa/AFG,HooGee/23,1,4,2024,6
Kullervo/Mosaic,Ponnistus/Peruskallio,5,1,2024,6
Lahden United,JaVo,5,0,2024,6
Iitin Pallo-68,Naseva,5,0,2024,6
LePa/Cityboys,KJS/Sininen,1,0,2024,6
HJK/Kantsu 94,FC POHU/United,0,5,2024,6
Ares -86,FC Kapina/2,1,2,2024,6
HausPa,FC Villisiat,1,0,2024,6
FC Kontu/TDJ,TiPS/Legends,0,2,2024,6
HAlku/FC,KelA/Akatemia,1,7,2024,6
Kulps,StaPa De Royale,1,5,2024,6
FC Etapo,KarPo,1,0,2024,6
PaPe,Korian Klubi/2,6,0,2024,6
MLHF,Valtti/keltainen,13,0,2024,6
PK-35/Legendat,HH Palloveikot,3,0,2024,6
Geishan Pallo,FC OHO UNITED,2,3,2024,6
FC Puimur,KPPK,1,3,2024,6
Lännen Torpedo,LePa/Via Alberga,0,2,2024,6
FC Dons/Akatemia,FC ST4Y,1,2,2024,6
HePuLi,PPV/Seos,0,0,2024,6
PiTa,FC POHU/SiPa,1,1,2024,6
FC Viikingit/S.C.P L,FC Fortuna/Itä,2,0,2024,6
Kilo IF/3,AC Rastaala,2,3,2024,6
HooGee/Hodari,Vermo Vikings,0,4,2024,6
Andalus FC/Alpujarra,AFC EMU,3,2,2024,6
JäPS/United,FC MVP,3,1,2024,6
FC Mango,FC Kontu/ST,3,0,2024,6
FC POHU/Atl Koffari,Käpylä Maanantai,2,2,2024,6
TöTa/FC Mauskis,HeMan,3,2,2024,6
Pessoas Boas,FC FC,3,0,2024,6
FC Germania/Akademie,LPS/reservi,0,8,2024,6
Purha,Jäntevä/Ukot,1,0,2024,6
FC Loviisa/LIK,HaTP,2,4,2024,6
ViTa,Länsiväylän Dynamo,4,0,2024,6
FC Haxi,HerTo/3,2,3,2024,6
AC StaSi,Veijarit,3,1,2024,6
ViSa,HiHi,4,0,2024,6
Ponnistus/Kermaa,HPS/Jägers,2,3,2024,6
FC POHU/Gettopojat,Kurvin Vauhti/Partiz,6,1,2024,6
FC Juvantus,FC City,2,2,2024,6
Ruila,Fc Vuosaari/Ex-WK,3,0,2024,6
PPS/Diablos Rojos,KeiKa,1,6,2024,6
FC Tuusula,AC JazzPa,0,0,2024,6
MyPa/FC,Flamingo United/2,12,0,2024,6
Naseva,Iitin Pallo-68,1,2,2024,6
JaVo,HausPa,5,1,2024,6
Flamingo United/2,Korian Klubi/2,3,2,2024,6
HausPa,Iitin Pallo-68,0,0,2024,6
Purha,HaTP,4,3,2024,6
Iitin Pallo-68,Lahden United,0,4,2024,6
Iitin Pallo-68,FC Villisiat,1,1,2024,6
JaVo,Flamingo United/2,4,0,2024,6
Veijarit,AC StaSi,0,2,2024,6
HerTo/3,FC Haxi,0,3,2024,6
Kullervo/Mosaic,FC Juvantus,3,2,2024,6
Andalus FC/Alpujarra,FC Kontu/ST,0,4,2024,6
Fc Vuosaari/Ex-WK,Ruila,2,3,2024,6
StaPa De Royale,FC City,10,2,2024,6
FC Fortuna/Itä,FC Eagles,1,2,2024,6
Pessoas Boas,PPJ/Faijat Jätkäsaari,2,2,2024,6
FC MVP,FC Tuusula,7,0,2024,6
HaTP,KarPo,0,1,2024,6
FC Villisiat,Iitin Pallo-68,1,1,2024,6
JaVo,MyPa/FC,1,3,2024,6
KelA/Akatemia,Ares -86,4,0,2024,6
LePa/Via Alberga,Geishan Pallo,3,2,2024,6
FC POHU/SiPa,HePuLi,1,2,2024,6
HPS/Jägers,Strikers/Bertil,3,0,2024,6
HausPa,Flamingo United/2,10,0,2024,6
FC Kirkkonummi/3,LePa/Cityboys,1,3,2024,6
LPS/reservi,FC Juvantus,9,0,2024,6
HJK/Töölön Ihme,FC Dons/Akatemia,1,5,2024,6
PaPe,Lahden United,0,4,2024,6
FC FC,TöTa/FC Mauskis,4,0,2024,6
FC Germania/Akademie,FC POHU/Atl Koffari,3,1,2024,6
HH Palloveikot,HJK/Kantsu 94,2,1,2024,6
Kurvin Vauhti/Partiz,HeMan,1,2,2024,6
PiTa,HooGee/Hodari,3,0,2024,6
FC OHO UNITED,PPV/Seos,1,5,2024,6
KPPK,FC POHU/United,0,3,2024,6
Fc Vuosaari/Ex-WK,Vietfin FC,0,3,2024,6
KeiKa,HAlku/FC,5,1,2024,6
Vermo Vikings,Lännen Torpedo,4,2,2024,6
HooGee/23,Kilo IF/3,7,2,2024,6
AC Rastaala,Länsiväylän Dynamo,4,0,2024,6
KJS/Sininen,EsPa/AFG,4,2,2024,6
JäPS/United,PPS/Diablos Rojos,7,1,2024,6
AFC EMU,FC Mango,1,2,2024,6
PK-35/Legendat,Ponnistus/Kermaa,4,1,2024,6
Ruila,FC Kontu/TDJ,3,3,2024,6
FC Kontu/ST,FC Haxi,1,4,2024,6
TiPS/Legends,MLHF,2,1,2024,6
Jäntevä/Ukot,ViSa,1,0,2024,6
HiHi,FC Loviisa/LIK,1,2,2024,6
FC POHU/Shrimps,FC Puimur,0,1,2024,6
Valtti/keltainen,FC Viikingit/S.C.P L,2,11,2024,6
Jokerit FC/2,Andalus FC/Alpujarra,1,1,2024,6
Ponnistus/Peruskallio,Kulps,1,2,2024,6
Käpylä Maanantai,Kullervo/Mosaic,3,3,2024,6
FC ST4Y,FC POHU/Gettopojat,1,1,2024,6
FC Kapina/2,AC JazzPa,4,3,2024,6
PoPo,Purha,3,1,2024,6
Korian Klubi/2,Naseva,2,3,2024,6
Ponnistus/Peruskallio,Kullervo/Mosaic,0,1,2024,6
PPV/Seos,HePuLi,1,1,2024,6
FC Villisiat,HausPa,0,3,2024,6
Strikers/Bertil,HJK/Kantsu 94,3,0,2024,6
Käpylä Maanantai,LPS/reservi,1,2,2024,6
KJS/Sininen,LePa/Cityboys,3,5,2024,6
KPPK,HPS/Jägers,1,0,2024,6
FC Dons/Akatemia,TöTa/FC Mauskis,0,2,2024,6
StaPa De Royale,Ponnistus/Peruskallio,9,0,2024,6
AFC EMU,Andalus FC/Alpujarra,4,2,2024,6
Ponnistus/Kermaa,FC POHU/United,0,2,2024,6
HJK/Töölön Ihme,FC FC,2,5,2024,6
Vermo Vikings,HooGee/Hodari,1,4,2024,6
FC Tuusula,KelA/Akatemia,0,3,2024,6
PoPo,FC Loviisa/LIK,5,0,2024,6
Korian Klubi/2,PaPe,0,7,2024,6
Pessoas Boas,FC POHU/Gettopojat,1,4,2024,6
TiPS/Legends,Vietfin FC,4,0,2024,6
FC POHU/SiPa,PiTa,3,2,2024,6
JaVo,Lahden United,1,10,2024,6
PPJ/Faijat Jätkäsaari,FC FC,3,2,2024,6
EsPa/AFG,FC Kirkkonummi/3,6,1,2024,6
KPPK,FC Puimur,7,4,2024,6
Iitin Pallo-68,Flamingo United/2,8,2,2024,6
HAlku/FC,JäPS/United,3,3,2024,6
HausPa,JaVo,1,2,2024,6
KarPo,HiHi,3,1,2024,6
Vietfin FC,FC Fortuna/Itä,4,2,2024,6
FC Etapo,HaTP,1,1,2024,6
Korian Klubi/2,Lahden United,0,3,2024,6
HeMan,FC ST4Y,2,7,2024,6
MLHF,Ruila,5,4,2024,6
Strikers/Bertil,PK-35/Legendat,3,0,2024,6
FC Juvantus,StaPa De Royale,0,3,2024,6
Kilo IF/3,KJS/Sininen,1,3,2024,6
FC Kontu/TDJ,Fc Vuosaari/Ex-WK,1,1,2024,6
HePuLi,FC OHO UNITED,1,3,2024,6
FC Viikingit/S.C.P L,TiPS/Legends,1,0,2024,6
HooGee/Hodari,FC POHU/SiPa,1,4,2024,6
Länsiväylän Dynamo,HooGee/23,1,3,2024,6
Ares -86,KeiKa,1,1,2024,6
FC Haxi,AFC EMU,8,0,2024,6
Geishan Pallo,Vermo Vikings,1,6,2024,6
TöTa/FC Mauskis,Kurvin Vauhti/Partiz,3,3,2024,6
FC Eagles,Valtti/keltainen,19,0,2024,6
FC City,Ponnistus/Peruskallio,1,3,2024,6
Veijarit,FC Kontu/ST,0,5,2024,6
FC POHU/Gettopojat,HJK/Töölön Ihme,3,3,2024,6
AC StaSi,HerTo/3,4,0,2024,6
Kulps,Käpylä Maanantai,0,5,2024,6
FC Loviisa/LIK,Jäntevä/Ukot,2,2,2024,6
ViTa,AC Rastaala,2,1,2024,6
Ponnistus/Kermaa,HH Palloveikot,5,1,2024,6
FC Dons/Akatemia,Pessoas Boas,1,2,2024,6
FC Mango,Jokerit FC/2,2,1,2024,6
ViSa,PoPo,2,2,2024,6
AC JazzPa,KelA/Akatemia,3,4,2024,6
Kullervo/Mosaic,FC Germania/Akademie,2,0,2024,6
PPS/Diablos Rojos,FC MVP,1,4,2024,6
FC POHU/Shrimps,FC POHU/United,0,6,2024,6
Lännen Torpedo,PiTa,2,1,2024,6
FC Tuusula,FC Kapina/2,3,2,2024,6
MyPa/FC,PaPe,0,7,2024,6
HJK/Kantsu 94,KPPK,1,3,2024,6
Naseva,FC Villisiat,0,0,2024,6
PPV/Seos,LePa/Via Alberga,2,2,2024,6
FC Puimur,HPS/Jägers,2,11,2024,6
Kurvin Vauhti/Partiz,FC ST4Y,0,0,2024,6
Ruila,FC Viikingit/S.C.P L,0,1,2024,6
FC Kontu/TDJ,FC Eagles,1,4,2024,6
HerTo/3,FC Kontu/ST,1,2,2024,6
PPJ/Faijat Jätkäsaari,HeMan,2,0,2024,6
TiPS/Legends,Fc Vuosaari/Ex-WK,2,1,2024,6
EsPa/AFG,ViTa,2,2,2024,6
FC OHO UNITED,LePa/Via Alberga,3,0,2024,6
Lahden United,Iitin Pallo-68,4,2,2024,6
HaTP,HiHi,5,4,2024,6
FC Villisiat,Flamingo United/2,6,0,2024,6
JaVo,Korian Klubi/2,3,2,2024,6
LePa/Cityboys,Länsiväylän Dynamo,4,0,2024,6
FC Kirkkonummi/3,Kilo IF/3,2,3,2024,6
HAlku/FC,FC Tuusula,3,4,2024,6
FC Fortuna/Itä,Valtti/keltainen,6,2,2024,6
PK-35/Legendat,FC Puimur,8,1,2024,6
PaPe,HausPa,1,1,2024,6
KPPK,FC POHU/Shrimps,5,0,2024,6
Vermo Vikings,FC POHU/SiPa,1,1,2024,6
KeiKa,FC MVP,1,1,2024,6
HooGee/Hodari,PPV/Seos,3,1,2024,6
Lännen Torpedo,HePuLi,1,2,2024,6
AC Rastaala,HooGee/23,3,4,2024,6
Andalus FC/Alpujarra,Veijarit,1,5,2024,6
JäPS/United,Ares -86,3,1,2024,6
Purha,KarPo,4,3,2024,6
FC POHU/Atl Koffari,FC City,2,3,2024,6
ViSa,FC Etapo,5,0,2024,6
PiTa,Geishan Pallo,2,2,2024,6
PPS/Diablos Rojos,AC JazzPa,5,1,2024,6
Jokerit FC/2,FC Haxi,2,3,2024,6
Länsiväylän Dynamo,ViTa,2,4,2024,6
FC Kapina/2,KelA/Akatemia,2,2,2024,6
MyPa/FC,Naseva,0,3,2024,6
MLHF,Vietfin FC,2,4,2024,6
FC Mango,AC StaSi,7,1,2024,6
FC Germania/Akademie,Kulps,2,2,2024,6
Kurvin Vauhti/Partiz,FC POHU/Gettopojat,2,3,2024,6
HPS/Jägers,HH Palloveikot,3,3,2024,6
Valtti/keltainen,TiPS/Legends,1,10,2024,6
AC Rastaala,Kilo IF/3,5,1,2024,6
TöTa/FC Mauskis,Pessoas Boas,0,1,2024,6
FC MVP,FC Kapina/2,2,3,2024,6
FC City,LPS/reservi,2,13,2024,6
HeMan,FC Dons/Akatemia,0,5,2024,6
Flamingo United/2,JaVo,1,4,2024,6
Iitin Pallo-68,MyPa/FC,3,1,2024,6
KelA/Akatemia,KeiKa,3,2,2024,6
Strikers/Bertil,FC POHU/United,0,0,2024,6
LePa/Via Alberga,Vermo Vikings,3,3,2024,6
HausPa,Lahden United,1,5,2024,6
HiHi,Jäntevä/Ukot,1,4,2024,6
HH Palloveikot,KPPK,1,1,2024,6
Kulps,FC POHU/Atl Koffari,0,2,2024,6
FC Etapo,PoPo,0,5,2024,6
FC Tuusula,JäPS/United,0,4,2024,6
FC Puimur,Ponnistus/Kermaa,1,3,2024,6
Veijarit,FC Mango,1,1,2024,6
HePuLi,PiTa,2,4,2024,6
Fc Vuosaari/Ex-WK,FC Fortuna/Itä,3,4,2024,6
FC FC,Kurvin Vauhti/Partiz,3,1,2024,6
Kilo IF/3,LePa/Cityboys,0,9,2024,6
HooGee/23,KJS/Sininen,4,1,2024,6
Länsiväylän Dynamo,EsPa/AFG,2,3,2024,6
FC Haxi,Andalus FC/Alpujarra,21,2,2024,6
FC Kontu/ST,AFC EMU,0,4,2024,6
Vietfin FC,Ruila,1,2,2024,6
FC Viikingit/S.C.P L,FC Kontu/TDJ,3,4,2024,6
HJK/Kantsu 94,PK-35/Legendat,2,4,2024,6
ViTa,FC Kirkkonummi/3,5,0,2024,6
Ares -86,PPS/Diablos Rojos,4,1,2024,6
FC ST4Y,HJK/Töölön Ihme,7,0,2024,6
FC Eagles,MLHF,6,1,2024,6
KarPo,ViSa,1,3,2024,6
FC POHU/Gettopojat,PPJ/Faijat Jätkäsaari,2,2,2024,6
AC JazzPa,HAlku/FC,1,2,2024,6
FC POHU/Shrimps,HPS/Jägers,1,5,2024,6
LPS/reservi,StaPa De Royale,1,1,2024,6
Ponnistus/Peruskallio,Käpylä Maanantai,1,3,2024,6
PPV/Seos,Lännen Torpedo,1,1,2024,6
FC Juvantus,FC Germania/Akademie,0,2,2024,6
Naseva,PaPe,0,3,2024,6
Geishan Pallo,HooGee/Hodari,2,2,2024,6
FC Loviisa/LIK,Purha,3,2,2024,6
Korian Klubi/2,FC Villisiat,1,1,2024,6
AC StaSi,Jokerit FC/2,5,1,2024,6
FC City,Kullervo/Mosaic,2,2,2024,6
FC POHU/SiPa,FC OHO UNITED,1,2,2024,6
PPJ/Faijat Jätkäsaari,FC ST4Y,0,7,2024,6
FC MVP,Ares -86,0,0,2024,6
HPS/Jägers,HJK/Kantsu 94,3,2,2024,6
FC Kirkkonummi/3,Länsiväylän Dynamo,1,0,2024,6
Lahden United,Flamingo United/2,8,1,2024,6
HaTP,ViSa,1,1,2024,6
FC Villisiat,MyPa/FC,5,1,2024,6
JaVo,Naseva,1,1,2024,6
LePa/Cityboys,HooGee/23,3,1,2024,6
HausPa,Korian Klubi/2,5,1,2024,6
Jäntevä/Ukot,FC Etapo,2,1,2024,6
Pessoas Boas,HeMan,2,0,2024,6
Käpylä Maanantai,FC Juvantus,0,1,2024,6
PaPe,Iitin Pallo-68,2,0,2024,6
KPPK,Strikers/Bertil,1,4,2024,6
Fc Vuosaari/Ex-WK,FC Viikingit/S.C.P L,2,1,2024,6
FC POHU/SiPa,Geishan Pallo,2,4,2024,6
Vermo Vikings,HePuLi,5,2,2024,6
FC OHO UNITED,Lännen Torpedo,3,0,2024,6
PiTa,PPV/Seos,3,0,2024,6
FC Fortuna/Itä,MLHF,1,3,2024,6
StaPa De Royale,Kullervo/Mosaic,2,1,2024,6
KeiKa,FC Tuusula,3,0,2024,6
FC Kontu/TDJ,Valtti/keltainen,8,0,2024,6
HooGee/Hodari,LePa/Via Alberga,2,5,2024,6
AC Rastaala,EsPa/AFG,3,0,2024,6
KJS/Sininen,ViTa,4,1,2024,6
JäPS/United,AC JazzPa,12,1,2024,6
FC FC,FC POHU/Gettopojat,3,6,2024,6
LPS/reservi,Kulps,13,0,2024,6
HJK/Töölön Ihme,TöTa/FC Mauskis,1,2,2024,6
FC POHU/Atl Koffari,Ponnistus/Peruskallio,3,1,2024,6
HH Palloveikot,FC Puimur,4,0,2024,6
HerTo/3,FC Mango,1,7,2024,6
Purha,HiHi,3,0,2024,6
Ponnistus/Kermaa,FC POHU/Shrimps,3,1,2024,6
Ruila,FC Eagles,1,7,2024,6
PPS/Diablos Rojos,KelA/Akatemia,2,1,2024,6
FC Germania/Akademie,FC City,2,6,2024,6
PoPo,KarPo,2,2,2024,6
FC Kapina/2,HAlku/FC,3,2,2024,6
Kurvin Vauhti/Partiz,FC Dons/Akatemia,2,0,2024,6
Jokerit FC/2,Veijarit,2,2,2024,6
AFC EMU,AC StaSi,1,1,2024,6
StaPa De Royale,Käpylä Maanantai,8,0,2024,6
Vietfin FC,FC Viikingit/S.C.P L,5,1,2024,6
Strikers/Bertil,Ponnistus/Kermaa,6,0,2024,6
FC Mango,Andalus FC/Alpujarra,7,2,2024,6
FC Juvantus,Kulps,2,1,2024,6
Ponnistus/Peruskallio,FC Germania/Akademie,3,2,2024,6
AC StaSi,FC Haxi,1,7,2024,6
FC POHU/Shrimps,PK-35/Legendat,3,8,2024,6
FC Dons/Akatemia,PPJ/Faijat Jätkäsaari,2,0,2024,6
EsPa/AFG,LePa/Cityboys,2,1,2024,6
Kullervo/Mosaic,FC POHU/Atl Koffari,1,1,2024,6
Flamingo United/2,PaPe,0,3,2024,6
HaTP,Jäntevä/Ukot,3,3,2024,6
FC Fortuna/Itä,TiPS/Legends,0,1,2024,6
Iitin Pallo-68,Korian Klubi/2,2,0,2024,6
FC Villisiat,JaVo,1,2,2024,6
LePa/Via Alberga,PiTa,0,0,2024,6
Kilo IF/3,ViTa,3,1,2024,6
KelA/Akatemia,JäPS/United,3,4,2024,6
HiHi,PoPo,2,3,2024,6
Valtti/keltainen,Ruila,0,6,2024,6
HAlku/FC,PPS/Diablos Rojos,1,1,2024,6
FC Etapo,FC Loviisa/LIK,3,1,2024,6
FC Tuusula,Ares -86,0,0,2024,6
PPV/Seos,FC POHU/SiPa,3,0,2024,6
Kurvin Vauhti/Partiz,HJK/Töölön Ihme,2,0,2024,6
FC OHO UNITED,Vermo Vikings,3,0,2024,6
HerTo/3,AFC EMU,1,2,2024,6
HooGee/23,FC Kirkkonummi/3,3,1,2024,6
AC Rastaala,KJS/Sininen,0,0,2024,6
FC Kontu/ST,Jokerit FC/2,2,1,2024,6
HePuLi,Geishan Pallo,3,2,2024,6
HJK/Kantsu 94,FC Puimur,2,4,2024,6
FC ST4Y,Pessoas Boas,3,1,2024,6
FC Eagles,Fc Vuosaari/Ex-WK,2,1,2024,6
Lännen Torpedo,HooGee/Hodari,6,1,2024,6
TöTa/FC Mauskis,FC POHU/Gettopojat,3,2,2024,6
ViSa,Purha,4,1,2024,6
AC JazzPa,FC MVP,2,1,2024,6
FC POHU/United,HH Palloveikot,4,2,2024,6
FC Kapina/2,KeiKa,0,3,2024,6
Naseva,HausPa,1,2,2024,6
MyPa/FC,Lahden United,0,8,2024,6
MLHF,FC Kontu/TDJ,6,3,2024,6
HeMan,FC FC,0,3,2024,6
TiPS/Legends,FC Eagles,2,7,2024,6
Valtti/keltainen,MLHF,1,11,2024,6
FC POHU/SiPa,LePa/Via Alberga,6,4,2024,6
PPJ/Faijat Jätkäsaari,TöTa/FC Mauskis,1,2,2024,6
FC MVP,KelA/Akatemia,1,5,2024,6
PK-35/Legendat,KPPK,1,4,2024,6
FC POHU/United,HPS/Jägers,3,0,2024,6
Lahden United,Naseva,6,0,2024,6
Purha,FC Etapo,1,1,2024,6
JaVo,Iitin Pallo-68,1,2,2024,6
LePa/Cityboys,ViTa,8,1,2024,6
LPS/reservi,Ponnistus/Peruskallio,8,1,2024,6
FC Kirkkonummi/3,AC Rastaala,0,6,2024,6
PaPe,FC Villisiat,3,0,2024,6
Jäntevä/Ukot,KarPo,4,2,2024,6
Vermo Vikings,PPV/Seos,1,1,2024,6
Geishan Pallo,Lännen Torpedo,1,1,2024,6
PiTa,FC OHO UNITED,2,1,2024,6
FC Viikingit/S.C.P L,MLHF,3,1,2024,6
HJK/Töölön Ihme,HeMan,1,4,2024,6
KeiKa,AC JazzPa,6,0,2024,6
FC Kontu/TDJ,Vietfin FC,5,2,2024,6
HooGee/Hodari,HePuLi,1,2,2024,6
FC FC,FC ST4Y,1,2,2024,6
Andalus FC/Alpujarra,AC StaSi,0,4,2024,6
KJS/Sininen,Länsiväylän Dynamo,8,0,2024,6
JäPS/United,FC Kapina/2,7,2,2024,6
Kulps,Kullervo/Mosaic,2,1,2024,6
Ponnistus/Kermaa,HJK/Kantsu 94,2,4,2024,6
FC POHU/Atl Koffari,FC Juvantus,2,3,2024,6
Fc Vuosaari/Ex-WK,Valtti/keltainen,6,0,2024,6
Kilo IF/3,EsPa/AFG,1,3,2024,6
FC Puimur,Strikers/Bertil,1,2,2024,6
FC POHU/Gettopojat,FC Dons/Akatemia,3,1,2024,6
Pessoas Boas,Kurvin Vauhti/Partiz,1,1,2024,6
Ares -86,HAlku/FC,0,1,2024,6
Ruila,FC Fortuna/Itä,3,1,2024,6
PPS/Diablos Rojos,FC Tuusula,3,3,2024,6
AFC EMU,Veijarit,0,5,2024,6
FC POHU/United,PK-35/Legendat,4,0,2024,6
HH Palloveikot,FC POHU/Shrimps,8,1,2024,6
MyPa/FC,HausPa,3,3,2024,6
FC Loviisa/LIK,ViSa,4,3,2024,6
Käpylä Maanantai,FC City,2,5,2024,6
Jokerit FC/2,HerTo/3,1,2,2024,6
FC Germania/Akademie,StaPa De Royale,0,6,2024,6
PoPo,HaTP,7,2,2024,6
FC Haxi,FC Mango,4,1,2024,6
AC StaSi,FC Kontu/ST,3,2,2024,6
HJK/Kantsu 94,FC POHU/Shrimps,1,2,2024,6
FC Germania/Akademie,Käpylä Maanantai,0,0,2024,6
FC POHU/Gettopojat,HeMan,2,1,2024,6
HooGee/Hodari,FC OHO UNITED,2,3,2024,6
HooGee/23,ViTa,2,1,2024,6
FC Kirkkonummi/3,KJS/Sininen,0,7,2024,6
Lahden United,FC Villisiat,5,2,2024,6
Ruila,TiPS/Legends,0,2,2024,6
FC Kontu/TDJ,FC Fortuna/Itä,2,5,2024,6
FC FC,Pessoas Boas,1,3,2024,6
Vietfin FC,Valtti/keltainen,5,0,2024,6
Kulps,FC City,1,5,2024,6
FC Juvantus,Ponnistus/Peruskallio,2,3,2024,6
Ares -86,AC JazzPa,2,2,2024,6
LePa/Cityboys,AC Rastaala,0,1,2024,6
Jokerit FC/2,AFC EMU,3,2,2024,6
HAlku/FC,FC MVP,3,1,2024,6
PaPe,JaVo,5,0,2024,6
Kullervo/Mosaic,LPS/reservi,0,3,2024,6
JäPS/United,KeiKa,3,1,2024,6
Geishan Pallo,PPV/Seos,1,5,2024,6
PPS/Diablos Rojos,FC Kapina/2,3,1,2024,6
HePuLi,LePa/Via Alberga,2,3,2024,6
TöTa/FC Mauskis,FC ST4Y,1,2,2024,6
FC POHU/Atl Koffari,StaPa De Royale,0,1,2024,6
FC Puimur,FC POHU/United,1,6,2024,6
FC Haxi,Veijarit,5,1,2024,6
FC Viikingit/S.C.P L,FC Eagles,2,2,2024,6
Kilo IF/3,Länsiväylän Dynamo,3,4,2024,6
Naseva,Flamingo United/2,16,2,2024,6
PoPo,Jäntevä/Ukot,3,1,2024,6
MyPa/FC,Korian Klubi/2,0,1,2024,6
FC Loviisa/LIK,KarPo,2,2,2024,6
Pessoas Boas,HJK/Töölön Ihme,5,1,2024,6
PiTa,Vermo Vikings,1,1,2024,6
MLHF,Fc Vuosaari/Ex-WK,2,1,2024,6
Andalus FC/Alpujarra,HerTo/3,0,6,2024,6
Lännen Torpedo,FC POHU/SiPa,3,1,2024,6
Strikers/Bertil,HH Palloveikot,2,0,2024,6
FC Etapo,HiHi,1,1,2024,6
FC Dons/Akatemia,FC FC,1,2,2024,6
Ponnistus/Kermaa,KPPK,2,3,2024,6
PK-35/Legendat,HPS/Jägers,1,1,2024,6
FC Eagles,Vietfin FC,1,1,2024,6
FC Fortuna/Itä,FC Viikingit/S.C.P L,1,3,2024,6
TiPS/Legends,FC Kontu/TDJ,3,0,2024,6
FC MVP,JäPS/United,0,3,2024,6
KelA/Akatemia,HAlku/FC,4,2,2024,6
Flamingo United/2,MyPa/FC,0,4,2024,6
HH Palloveikot,PK-35/Legendat,1,3,2024,6
HaTP,FC Loviisa/LIK,5,3,2024,6
FC Kontu/ST,FC Mango,2,1,2024,6
LePa/Via Alberga,Lännen Torpedo,2,1,2024,6
HeMan,TöTa/FC Mauskis,2,0,2024,6
HiHi,ViSa,0,4,2024,6
Jäntevä/Ukot,Purha,3,6,2024,6
HJK/Töölön Ihme,PPJ/Faijat Jätkäsaari,0,1,2024,6
HooGee/23,EsPa/AFG,2,2,2024,6
KeiKa,PPS/Diablos Rojos,4,0,2024,6
FC ST4Y,FC Dons/Akatemia,1,0,2024,6
KarPo,FC Etapo,1,1,2024,6
AC JazzPa,FC Tuusula,1,2,2024,6
LPS/reservi,FC Germania/Akademie,11,0,2024,6
Käpylä Maanantai,FC POHU/Atl Koffari,2,1,2024,6
FC POHU/United,HJK/Kantsu 94,1,1,2024,6
StaPa De Royale,Kulps,10,0,2024,6
FC Kapina/2,Ares -86,0,1,2024,6
FC City,FC Juvantus,8,3,2024,6
HPS/Jägers,Ponnistus/Kermaa,2,1,2024,6
PPJ/Faijat Jätkäsaari,Kurvin Vauhti/Partiz,2,1,2024,6
Wartti/Wild Boars,FC Samba,0,5,2023,6
Wartti/Wild Boars,HaPK Edustus/2,2,4,2023,6
Pelikaani,Flamingo United,1,4,2023,6
FC Samba,HDS/Express,1,2,2023,6
Andalus FC,HaPK Edustus/2,2,1,2023,6
HDS/Express,FC Nile,1,3,2023,6
Flamingo United,HaPK Edustus/2,1,2,2023,6
Hukat,FC Samba,3,2,2023,6
ToTe/Keparoi,Wartti/Wild Boars,1,0,2023,6
Andalus FC,Pelikaani,5,1,2023,6
PPS/Diablos Rojos,FC ST4Y,1,8,2023,6
Valtti/R.O.U.,HerTo/3,0,2,2023,6
FC Villisiat,Naseva,2,4,2023,6
Kurvin Vauhti/Partiz,Ponnistus/Peruskallio,3,1,2023,6
FC Tuusula,FC Kapina/2,6,0,2023,6
Flamingo United,Iitin Pallo-68,5,1,2023,6
Kilo IF/3,Tavastia/FC Mojo,3,3,2023,6
MLHF,Ruila,3,3,2023,6
FC Vantaa,FC Kontu/Kupa,3,0,2023,6
HaTP,KarPo,3,1,2023,6
AFC EMU,MK-United,0,7,2023,6
FC Loviisa/2,HP-47,1,2,2023,6
PaPe,LIK,3,3,2023,6
Strikers/Bertil,FC Juvantus,2,2,2023,6
FC LP,KJS/Sininen,1,6,2023,6
FC Degis,FC POHU/Shrimps,7,0,2023,6
CLE/B,Vermo Vikings,4,3,2023,6
Vietfin FC,TiPS/Legends,3,0,2023,6
HooGee/Hodari,Geishan Pallo,1,4,2023,6
FC Nile,Kullervo/Mosaic,2,1,2023,6
Pelikaani,KeiKa,2,0,2023,6
KFFK,Länsiväylän Dynamo,0,2,2023,6
Kulps,AC StaSi,3,4,2023,6
HPS/Jägers,HDS/Express,4,5,2023,6
Polin Pallo,KPPK,6,0,2023,6
Käpylä Maanantai,FC Germania/Akademie,3,2,2023,6
FC POHU/SiPa,HeMan,1,2,2023,6
Jäntevä/Ukot,HaPK Edustus/2,3,1,2023,6
El-Nibras FC,Kilo IF/1,1,3,2023,6
Gnistan/3,FC Eagles,3,0,2023,6
PiTa,FC Samba,3,0,2023,6
PPS/Diablos Rojos,KoPa,3,1,2023,6
Chicken Wings/2,Veijarit,5,2,2023,6
HePuLi,Trikiinit,0,1,2023,6
HerTo/3,FC Viikingit/S.C.P Legends,2,3,2023,6
FC FC,Gilla FC,0,3,2023,6
LJS/Reservi,Hukat,1,0,2023,6
FC Honka/Leopardit,FC POHU/Atl Koffari,4,3,2023,6
LePa/Via Alberga,ViTa,9,2,2023,6
KäPa/3,ToTe/Keparoi,0,1,2023,6
Ponnistus/Kermaa,PK-35/Legendat,3,1,2023,6
FC Kontu/TDJ,Wartti/Wild Boars,3,4,2023,6
HAlku/FC,FC Kapina/2,2,4,2023,6
AC JazzPa,HausPa,0,2,2023,6
ViSa,HiHi,3,0,2023,6
Valtti/R.O.U.,Chicken Wings/2,1,13,2023,6
HP-47,FC Villisiat,4,1,2023,6
LIK,JaVo,1,5,2023,6
HaPK Edustus/2,PoPo,4,5,2023,6
Tavastia/FC Mojo,FC Honka/Leopardit,2,3,2023,6
KJS/Sininen,LePa/Via Alberga,6,0,2023,6
FC Kontu/Kupa,Andalus FC,1,4,2023,6
FC POHU/Atl Koffari,Polin Pallo,1,2,2023,6
HerTo/3,MLHF,2,2,2023,6
TiPS/Legends,AFC EMU,3,1,2023,6
Gnistan/3,Kulps,12,3,2023,6
HDS/Express,HePuLi,2,1,2023,6
Gilla FC,HooGee/Hodari,3,0,2023,6
FC ST4Y,Vietfin FC,1,4,2023,6
Länsiväylän Dynamo,FC LP,6,2,2023,6
KeiKa,HAlku/FC,2,0,2023,6
FC Juvantus,HPS/Jägers,0,1,2023,6
FC Eagles,FC POHU/Shrimps,10,0,2023,6
FCFJ,FC Tuusula,3,0,2023,6
Kilo IF/1,Hukat,1,1,2023,6
JäPS/United,Pelikaani,6,1,2023,6
ViTa,El-Nibras FC,1,9,2023,6
PK-35/Legendat,KäPa/3,5,1,2023,6
KPPK,Kilo IF/3,4,0,2023,6
MK-United,PPS/Diablos Rojos,3,2,2023,6
Vermo Vikings,FC Honka/Leopardit,1,3,2023,6
AC StaSi,Ponnistus/Kermaa,1,2,2023,6
ToTe/Keparoi,FC Degis,1,1,2023,6
FC Etapo,HaTP,0,4,2023,6
HiHi,Jäntevä/Ukot,2,3,2023,6
Geishan Pallo,Strikers/Bertil,1,0,2023,6
LJS/Reservi,KFFK,3,0,2023,6
Naseva,PaPe,2,1,2023,6
KoPa,FC Vantaa,1,1,2023,6
Tavastia/FC Mojo,PiTa,1,8,2023,6
Trikiinit,FC FC,1,6,2023,6
KarPo,ViSa,0,0,2023,6
FC Kapina/2,AC JazzPa,1,1,2023,6
Kullervo/Mosaic,FC POHU/SiPa,0,1,2023,6
HeMan,Käpylä Maanantai,2,3,2023,6
FC Viikingit/S.C.P Legends,FC Kontu/TDJ,2,1,2023,6
KäPa/NoLe,FC Nile,3,3,2023,6
Ponnistus/Peruskallio,HJK/Töölön Ihme,4,2,2023,6
FC Germania/Akademie,Kurvin Vauhti/Partiz,2,3,2023,6
Veijarit,HerTo/3,0,0,2023,6
Wartti/Wild Boars,MLHF,0,2,2023,6
FC POHU/Atl Koffari,Tavastia/FC Mojo,5,3,2023,6
AFC EMU,FC ST4Y,2,3,2023,6
JaVo,FC Loviisa/2,1,1,2023,6
CLE/B,Polin Pallo,1,8,2023,6
Kurvin Vauhti/Partiz,HeMan,1,5,2023,6
FC Vantaa,MK-United,1,3,2023,6
Kullervo/Mosaic,FC Germania/Akademie,6,0,2023,6
TiPS/Legends,KoPa,3,3,2023,6
HausPa,JäPS/United,5,3,2023,6
PaPe,Flamingo United,4,2,2023,6
HPS/Jägers,FC FC,0,1,2023,6
PiTa,KPPK,0,2,2023,6
FC Tuusula,HAlku/FC,2,3,2023,6
FC Villisiat,Iitin Pallo-68,4,0,2023,6
FC Kontu/Kupa,FC ST4Y,4,4,2023,6
FC Degis,PK-35/Legendat,1,0,2023,6
Andalus FC,AFC EMU,4,0,2023,6
KeiKa,FC Kapina/2,3,0,2023,6
HooGee/Hodari,Trikiinit,3,1,2023,6
Ponnistus/Kermaa,FC Eagles,2,4,2023,6
FC Samba,Vermo Vikings,1,0,2023,6
HJK/Töölön Ihme,FC POHU/SiPa,2,4,2023,6
ViTa,Kilo IF/1,0,1,2023,6
FC LP,Hukat,0,13,2023,6
Vietfin FC,PPS/Diablos Rojos,5,4,2023,6
Jäntevä/Ukot,MyPa/FC,6,1,2023,6
HiHi,HaPK Edustus/2,1,2,2023,6
ViSa,FC Etapo,1,1,2023,6
Strikers/Bertil,HePuLi,2,1,2023,6
Flamingo United,HP-47,4,1,2023,6
FC Nile,Käpylä Maanantai,4,1,2023,6
AC StaSi,ToTe/Keparoi,0,2,2023,6
HDS/Express,Gilla FC,2,6,2023,6
LJS/Reservi,KJS/Sininen,4,5,2023,6
Kulps,KäPa/3,9,1,2023,6
Pelikaani,FCFJ,1,1,2023,6
FC Honka/Leopardit,Kilo IF/3,5,1,2023,6
LePa/Via Alberga,Länsiväylän Dynamo,1,1,2023,6
Naseva,LIK,10,0,2023,6
Geishan Pallo,FC Juvantus,0,5,2023,6
PoPo,HaTP,3,3,2023,6
Chicken Wings/2,FC Kontu/TDJ,3,1,2023,6
FC Viikingit/S.C.P Legends,Ruila,0,0,2023,6
Valtti/R.O.U.,Veijarit,2,2,2023,6
FC POHU/Shrimps,Gnistan/3,1,10,2023,6
Ponnistus/Peruskallio,KäPa/NoLe,0,3,2023,6
AC JazzPa,FC Tuusula,1,2,2023,6
Polin Pallo,PiTa,5,2,2023,6
Flamingo United,FC Villisiat,5,3,2023,6
HaTP,Jäntevä/Ukot,0,1,2023,6
Iitin Pallo-68,JaVo,4,0,2023,6
HP-47,Naseva,2,2,2023,6
MLHF,Chicken Wings/2,1,6,2023,6
FC Loviisa/2,PaPe,0,2,2023,6
KJS/Sininen,ViTa,7,1,2023,6
AFC EMU,FC Vantaa,2,2,2023,6
FC Etapo,PoPo,0,0,2023,6
KPPK,FC Honka/Leopardit,1,1,2023,6
Ruila,Valtti/R.O.U.,8,3,2023,6
Vermo Vikings,FC POHU/Atl Koffari,5,2,2023,6
MK-United,Vietfin FC,1,0,2023,6
Länsiväylän Dynamo,Hukat,1,6,2023,6
FCFJ,AC JazzPa,3,1,2023,6
KFFK,LePa/Via Alberga,2,1,2023,6
Kilo IF/1,LJS/Reservi,1,1,2023,6
JäPS/United,KeiKa,5,2,2023,6
Wartti/Wild Boars,HerTo/3,0,0,2023,6
FC LP,El-Nibras FC,0,11,2023,6
FC ST4Y,TiPS/Legends,3,2,2023,6
HeMan,FC Nile,0,6,2023,6
FC FC,Strikers/Bertil,2,1,2023,6
PK-35/Legendat,Kulps,3,0,2023,6
PPS/Diablos Rojos,Andalus FC,1,5,2023,6
FC POHU/SiPa,Kurvin Vauhti/Partiz,4,1,2023,6
FC Germania/Akademie,Ponnistus/Peruskallio,2,4,2023,6
MyPa/FC,ViSa,0,4,2023,6
KäPa/NoLe,Kullervo/Mosaic,4,2,2023,6
Veijarit,FC Viikingit/S.C.P Legends,2,3,2023,6
FC Kapina/2,HausPa,1,3,2023,6
KarPo,HiHi,0,2,2023,6
Käpylä Maanantai,HJK/Töölön Ihme,3,1,2023,6
ToTe/Keparoi,FC POHU/Shrimps,6,0,2023,6
Gnistan/3,AC StaSi,2,3,2023,6
Ponnistus/Kermaa,FC Degis,1,4,2023,6
Trikiinit,HPS/Jägers,3,5,2023,6
Valtti/R.O.U.,FC Kontu/TDJ,0,6,2023,6
HePuLi,HooGee/Hodari,2,0,2023,6
FC Juvantus,HDS/Express,3,6,2023,6
FC Eagles,KäPa/3,5,3,2023,6
Gilla FC,Geishan Pallo,4,2,2023,6
HaTP,HaPK Edustus/2,2,4,2023,6
JaVo,HP-47,2,2,2023,6
Kilo IF/3,Vermo Vikings,2,2,2023,6
FC Vantaa,TiPS/Legends,3,2,2023,6
FC Nile,FC Germania/Akademie,5,0,2023,6
PaPe,Iitin Pallo-68,0,2,2023,6
HAlku/FC,FCFJ,0,4,2023,6
MLHF,Veijarit,3,3,2023,6
Pelikaani,HausPa,2,0,2023,6
KJS/Sininen,Hukat,1,2,2023,6
KäPa/3,Gnistan/3,1,3,2023,6
FC Loviisa/2,LIK,3,0,2023,6
FC POHU/Shrimps,Ponnistus/Kermaa,0,3,2023,6
Geishan Pallo,HePuLi,2,0,2023,6
FC Degis,AC StaSi,1,2,2023,6
Andalus FC,MK-United,0,1,2023,6
PK-35/Legendat,FC Eagles,1,1,2023,6
HooGee/Hodari,HDS/Express,2,0,2023,6
FC Samba,Polin Pallo,3,1,2023,6
PiTa,FC POHU/Atl Koffari,0,1,2023,6
Kulps,ToTe/Keparoi,1,2,2023,6
FC LP,Kilo IF/1,0,12,2023,6
Vietfin FC,KoPa,3,0,2023,6
Jäntevä/Ukot,FC Etapo,3,3,2023,6
ViTa,KFFK,3,1,2023,6
HiHi,MyPa/FC,1,1,2023,6
Ponnistus/Peruskallio,FC POHU/SiPa,1,2,2023,6
El-Nibras FC,Länsiväylän Dynamo,6,0,2023,6
CLE/B,KPPK,0,4,2023,6
Strikers/Bertil,Trikiinit,5,0,2023,6
HJK/Töölön Ihme,HeMan,0,5,2023,6
HerTo/3,Ruila,3,3,2023,6
MLHF,Valtti/R.O.U.,4,0,2023,6
FC FC,FC Juvantus,2,1,2023,6
Chicken Wings/2,Wartti/Wild Boars,0,1,2023,6
Naseva,Flamingo United,2,1,2023,6
FC Kontu/Kupa,AFC EMU,1,0,2023,6
PoPo,KarPo,6,0,2023,6
Käpylä Maanantai,KäPa/NoLe,1,6,2023,6
AC JazzPa,JäPS/United,2,1,2023,6
Kurvin Vauhti/Partiz,Kullervo/Mosaic,1,2,2023,6
Flamingo United,FC Loviisa/2,2,0,2023,6
HPS/Jägers,Gilla FC,0,2,2023,6
Iitin Pallo-68,Naseva,1,1,2023,6
FC Villisiat,JaVo,4,1,2023,6
HausPa,HAlku/FC,3,1,2023,6
FC Vantaa,Vietfin FC,1,1,2023,6
HP-47,LIK,9,2,2023,6
TiPS/Legends,Andalus FC,1,0,2023,6
Ruila,Veijarit,4,1,2023,6
HooGee/Hodari,HPS/Jägers,3,3,2023,6
KJS/Sininen,Kilo IF/1,4,2,2023,6
AFC EMU,PPS/Diablos Rojos,1,1,2023,6
KarPo,HaPK Edustus/2,1,0,2023,6
Wartti/Wild Boars,Valtti/R.O.U.,6,2,2023,6
KPPK,FC Samba,0,1,2023,6
PK-35/Legendat,FC POHU/Shrimps,3,0,2023,6
FC Degis,Kulps,5,2,2023,6
MK-United,FC Kontu/Kupa,2,1,2023,6
Länsiväylän Dynamo,ViTa,3,5,2023,6
FCFJ,KeiKa,4,0,2023,6
Polin Pallo,Kilo IF/3,7,1,2023,6
JäPS/United,FC Kapina/2,1,1,2023,6
PiTa,FC Honka/Leopardit,2,1,2023,6
AC StaSi,FC Eagles,3,3,2023,6
HeMan,Ponnistus/Peruskallio,1,2,2023,6
FC Viikingit/S.C.P Legends,Chicken Wings/2,0,1,2023,6
FC Etapo,HiHi,1,0,2023,6
FC Kontu/TDJ,MLHF,4,0,2023,6
Ponnistus/Kermaa,KäPa/3,1,3,2023,6
ViSa,PoPo,1,1,2023,6
FC POHU/Atl Koffari,CLE/B,3,0,2023,6
ToTe/Keparoi,Gnistan/3,2,1,2023,6
HDS/Express,Strikers/Bertil,2,1,2023,6
Kurvin Vauhti/Partiz,FC Nile,2,6,2023,6
Gilla FC,FC Juvantus,8,0,2023,6
LJS/Reservi,El-Nibras FC,5,0,2023,6
Pelikaani,AC JazzPa,4,0,2023,6
LePa/Via Alberga,Hukat,0,4,2023,6
MyPa/FC,HaTP,1,6,2023,6
FC POHU/SiPa,Käpylä Maanantai,1,1,2023,6
KoPa,FC ST4Y,0,13,2023,6
HePuLi,FC FC,2,2,2023,6
Kullervo/Mosaic,HJK/Töölön Ihme,8,2,2023,6
Trikiinit,Geishan Pallo,0,3,2023,6
FC Germania/Akademie,KäPa/NoLe,1,5,2023,6
Tavastia/FC Mojo,Vermo Vikings,0,3,2023,6
Valtti/R.O.U.,FC Viikingit/S.C.P Legends,1,4,2023,6
LIK,Iitin Pallo-68,2,3,2023,6
JaVo,Flamingo United,2,3,2023,6
HaTP,ViSa,1,1,2023,6
HausPa,KeiKa,0,1,2023,6
PaPe,HP-47,0,3,2023,6
ViTa,LJS/Reservi,0,0,2023,6
Gnistan/3,PK-35/Legendat,3,2,2023,6
FC Loviisa/2,FC Villisiat,1,3,2023,6
FC Juvantus,Trikiinit,2,2,2023,6
HAlku/FC,JäPS/United,1,7,2023,6
HaPK Edustus/2,FC Etapo,4,1,2023,6
Kulps,Ponnistus/Kermaa,0,2,2023,6
FC LP,LePa/Via Alberga,7,7,2023,6
Geishan Pallo,HDS/Express,4,5,2023,6
Vietfin FC,AFC EMU,3,1,2023,6
ToTe/Keparoi,FC Eagles,2,1,2023,6
Vermo Vikings,KPPK,3,1,2023,6
Kilo IF/1,Länsiväylän Dynamo,4,0,2023,6
FC Samba,FC POHU/Atl Koffari,4,0,2023,6
FC FC,HooGee/Hodari,3,2,2023,6
Andalus FC,KoPa,4,2,2023,6
Hukat,KFFK,1,0,2023,6
KäPa/3,FC Degis,0,4,2023,6
Jäntevä/Ukot,KarPo,4,1,2023,6
El-Nibras FC,KJS/Sininen,3,1,2023,6
KäPa/NoLe,HeMan,6,1,2023,6
HJK/Töölön Ihme,FC Germania/Akademie,1,1,2023,6
HPS/Jägers,HePuLi,8,0,2023,6
FC ST4Y,MK-United,2,2,2023,6
PPS/Diablos Rojos,FC Vantaa,2,2,2023,6
FC POHU/Shrimps,AC StaSi,0,9,2023,6
Veijarit,Wartti/Wild Boars,3,4,2023,6
HerTo/3,FC Kontu/TDJ,3,1,2023,6
LJS/Reservi,LePa/Via Alberga,3,0,2023,6
FC Honka/Leopardit,Polin Pallo,2,5,2023,6
Kilo IF/3,PiTa,0,2,2023,6
FC Tuusula,Pelikaani,0,8,2023,6
Käpylä Maanantai,Kurvin Vauhti/Partiz,3,1,2023,6
CLE/B,Tavastia/FC Mojo,1,3,2023,6
Chicken Wings/2,Ruila,2,0,2023,6
PoPo,MyPa/FC,9,0,2023,6
FC Kontu/Kupa,TiPS/Legends,0,3,2023,6
FC Kapina/2,FCFJ,0,3,2023,6
Ponnistus/Peruskallio,Kullervo/Mosaic,3,2,2023,6
FC Nile,FC POHU/SiPa,5,0,2023,6
Strikers/Bertil,Gilla FC,1,7,2023,6
TiPS/Legends,PPS/Diablos Rojos,1,0,2023,6
HP-47,Iitin Pallo-68,2,0,2023,6
LIK,Flamingo United,0,1,2023,6
Veijarit,Chicken Wings/2,0,3,2023,6
HausPa,FC Tuusula,3,0,2023,6
PaPe,FC Villisiat,3,0,2023,6
FC Germania/Akademie,HeMan,0,2,2023,6
FC Viikingit/S.C.P Legends,MLHF,5,1,2023,6
KJS/Sininen,Länsiväylän Dynamo,1,2,2023,6
Geishan Pallo,HPS/Jägers,2,2,2023,6
HAlku/FC,Pelikaani,2,4,2023,6
HaPK Edustus/2,MyPa/FC,3,1,2023,6
FC Juvantus,HePuLi,1,0,2023,6
Gnistan/3,Ponnistus/Kermaa,7,0,2023,6
KarPo,FC Etapo,2,0,2023,6
Strikers/Bertil,HooGee/Hodari,1,0,2023,6
FC ST4Y,AFC EMU,0,1,2023,6
Kilo IF/1,KFFK,2,0,2023,6
Vermo Vikings,Polin Pallo,0,7,2023,6
KeiKa,AC JazzPa,0,3,2023,6
JäPS/United,FCFJ,1,5,2023,6
CLE/B,PiTa,0,4,2023,6
HJK/Töölön Ihme,Kurvin Vauhti/Partiz,2,3,2023,6
Andalus FC,FC Vantaa,3,1,2023,6
FC Samba,FC Honka/Leopardit,2,2,2023,6
Tavastia/FC Mojo,KPPK,1,0,2023,6
Jäntevä/Ukot,ViSa,0,3,2023,6
AC StaSi,KäPa/3,4,1,2023,6
ViTa,Hukat,0,1,2023,6
HiHi,PoPo,1,6,2023,6
FC Eagles,FC Degis,2,2,2023,6
Ruila,Wartti/Wild Boars,1,4,2023,6
FC POHU/Atl Koffari,Kilo IF/3,5,1,2023,6
Ponnistus/Peruskallio,FC Nile,1,3,2023,6
HDS/Express,FC FC,4,0,2023,6
Veijarit,FC Kontu/TDJ,3,4,2023,6
Gilla FC,Trikiinit,6,0,2023,6
LJS/Reservi,FC LP,5,1,2023,6
LePa/Via Alberga,El-Nibras FC,3,1,2023,6
KäPa/NoLe,FC POHU/SiPa,3,1,2023,6
KoPa,MK-United,2,9,2023,6
Naseva,JaVo,2,1,2023,6
FC POHU/Shrimps,Kulps,1,1,2023,6
Kullervo/Mosaic,Käpylä Maanantai,1,2,2023,6
FC Kontu/Kupa,Vietfin FC,3,3,2023,6
ToTe/Keparoi,PK-35/Legendat,1,3,2023,6
JaVo,PaPe,2,3,2023,6
HaTP,HiHi,1,2,2023,6
Kilo IF/3,FC Samba,2,4,2023,6
FC Vantaa,FC ST4Y,1,5,2023,6
Ponnistus/Kermaa,ToTe/Keparoi,0,4,2023,6
Pelikaani,FC Kapina/2,2,0,2023,6
KäPa/3,FC POHU/Shrimps,3,3,2023,6
FC Villisiat,LIK,7,0,2023,6
FC Degis,Gnistan/3,3,2,2023,6
HeMan,Kullervo/Mosaic,1,2,2023,6
Vietfin FC,Andalus FC,2,0,2023,6
FC LP,ViTa,2,7,2023,6
Länsiväylän Dynamo,LJS/Reservi,1,4,2023,6
HooGee/Hodari,FC Juvantus,1,2,2023,6
PiTa,Vermo Vikings,2,2,2023,6
KFFK,KJS/Sininen,1,0,2023,6
FC Eagles,Kulps,4,0,2023,6
MK-United,TiPS/Legends,3,1,2023,6
Hukat,El-Nibras FC,1,0,2023,6
Polin Pallo,Tavastia/FC Mojo,12,1,2023,6
KPPK,FC POHU/Atl Koffari,0,1,2023,6
FC Kontu/TDJ,Ruila,2,0,2023,6
FC Loviisa/2,Naseva,4,1,2023,6
ViSa,HaPK Edustus/2,4,0,2023,6
PK-35/Legendat,AC StaSi,2,2,2023,6
Käpylä Maanantai,Ponnistus/Peruskallio,1,6,2023,6
FC Nile,HJK/Töölön Ihme,8,1,2023,6
FC FC,Geishan Pallo,2,1,2023,6
HerTo/3,Chicken Wings/2,2,5,2023,6
HePuLi,Gilla FC,1,7,2023,6
PPS/Diablos Rojos,FC Kontu/Kupa,4,2,2023,6
FC Honka/Leopardit,CLE/B,2,0,2023,6
LePa/Via Alberga,Kilo IF/1,0,3,2023,6
FC Tuusula,KeiKa,3,4,2023,6
Kurvin Vauhti/Partiz,KäPa/NoLe,0,3,2023,6
MyPa/FC,KarPo,1,3,2023,6
FC POHU/SiPa,FC Germania/Akademie,1,2,2023,6
HPS/Jägers,Strikers/Bertil,3,2,2023,6
Wartti/Wild Boars,FC Viikingit/S.C.P Legends,3,2,2023,6
AFC EMU,KoPa,2,0,2023,6
PoPo,Jäntevä/Ukot,4,1,2023,6
Trikiinit,HDS/Express,0,1,2023,6
AC JazzPa,HAlku/FC,3,0,2023,6
HausPa,FCFJ,0,3,2023,6
El-Nibras FC,Hukat,4,3,2023,6
MLHF,Wartti/Wild Boars,1,1,2023,6
ToTe/Keparoi,AC StaSi,1,2,2023,6
FC POHU/Shrimps,FC Eagles,2,2,2023,6
HJK/Töölön Ihme,Ponnistus/Peruskallio,2,1,2023,6
Hukat,LePa/Via Alberga,5,2,2023,6
KPPK,Tavastia/FC Mojo,1,1,2023,6
HePuLi,FC Juvantus,3,4,2023,6
MyPa/FC,FC Etapo,1,0,2023,6
Iitin Pallo-68,FC Loviisa/2,3,0,2023,6
LIK,PaPe,1,4,2023,6
Iitin Pallo-68,Flamingo United,5,1,2023,6
PK-35/Legendat,Ponnistus/Kermaa,8,2,2023,6
FC Germania/Akademie,Käpylä Maanantai,1,1,2023,6
AC StaSi,Kulps,2,4,2023,6
HausPa,AC JazzPa,2,1,2023,6
HP-47,FC Loviisa/2,3,3,2023,6
FC POHU/Shrimps,FC Degis,1,4,2023,6
TiPS/Legends,Vietfin FC,0,1,2023,6
ToTe/Keparoi,KäPa/3,4,0,2023,6
KJS/Sininen,FC LP,0,2,2023,6
Wartti/Wild Boars,FC Kontu/TDJ,1,1,2023,6
Ruila,MLHF,6,1,2023,6
Ponnistus/Peruskallio,Kurvin Vauhti/Partiz,0,2,2023,6
Vermo Vikings,CLE/B,4,4,2023,6
HeMan,FC POHU/SiPa,0,0,2023,6
KeiKa,Pelikaani,2,2,2023,6
Länsiväylän Dynamo,KFFK,2,1,2023,6
FC Eagles,Gnistan/3,4,0,2023,6
MK-United,AFC EMU,2,0,2023,6
JäPS/United,FC Tuusula,1,1,2023,6
HDS/Express,HPS/Jägers,3,3,2023,6
FC Samba,PiTa,0,0,2023,6
Hukat,LJS/Reservi,2,4,2023,6
KäPa/NoLe,HJK/Töölön Ihme,14,0,2023,6
FC ST4Y,Andalus FC,1,1,2023,6
FC Etapo,MyPa/FC,1,0,2023,6
ViTa,LePa/Via Alberga,1,2,2023,6
Trikiinit,HePuLi,1,2,2023,6
HaPK Edustus/2,Jäntevä/Ukot,1,1,2023,6
HiHi,ViSa,2,2,2023,6
FC Juvantus,Strikers/Bertil,0,2,2023,6
FC Viikingit/S.C.P Legends,HerTo/3,5,1,2023,6
Kilo IF/1,El-Nibras FC,2,1,2023,6
Tavastia/FC Mojo,Kilo IF/3,1,2,2023,6
Geishan Pallo,HooGee/Hodari,2,1,2023,6
KoPa,PPS/Diablos Rojos,0,13,2023,6
Naseva,FC Villisiat,1,1,2023,6
KPPK,Polin Pallo,0,2,2023,6
Kullervo/Mosaic,FC Nile,1,3,2023,6
FC POHU/Atl Koffari,FC Honka/Leopardit,1,3,2023,6
FC Kapina/2,HAlku/FC,0,1,2023,6
KarPo,HaTP,1,6,2023,6
FC Kontu/Kupa,FC Vantaa,0,2,2023,6
Gilla FC,FC FC,2,2,2023,6
HeMan,Kurvin Vauhti/Partiz,2,0,2023,6
HePuLi,Strikers/Bertil,1,2,2023,6
KPPK,PiTa,1,0,2023,6
FC Tuusula,JäPS/United,0,1,2023,6
Hukat,ViTa,5,1,2023,6
AC StaSi,FC POHU/Shrimps,3,0,2023,6
FC Juvantus,HooGee/Hodari,1,1,2023,6
HeMan,FC Germania/Akademie,1,1,2023,6
HJK/Töölön Ihme,FC Nile,0,9,2023,6
PaPe,Naseva,0,3,2023,6
Vietfin FC,FC ST4Y,4,0,2023,6
HaTP,FC Etapo,1,2,2023,6
Strikers/Bertil,Geishan Pallo,3,1,2023,6
FC Tuusula,FCFJ,1,2,2023,6
Pelikaani,JäPS/United,8,0,2023,6
HAlku/FC,KeiKa,0,0,2023,6
FC Villisiat,HP-47,1,6,2023,6
JaVo,LIK,2,0,2023,6
FC FC,Trikiinit,3,1,2023,6
FC LP,Länsiväylän Dynamo,4,5,2023,6
FC Degis,ToTe/Keparoi,3,1,2023,6
Polin Pallo,FC POHU/Atl Koffari,2,1,2023,6
HooGee/Hodari,Gilla FC,0,2,2023,6
FC Nile,KäPa/NoLe,1,3,2023,6
El-Nibras FC,ViTa,4,1,2023,6
CLE/B,FC Samba,1,8,2023,6
Hukat,Kilo IF/1,1,2,2023,6
PiTa,Tavastia/FC Mojo,3,1,2023,6
Jäntevä/Ukot,HiHi,1,0,2023,6
Andalus FC,FC Kontu/Kupa,1,0,2023,6
Käpylä Maanantai,HeMan,0,3,2023,6
ViSa,KarPo,4,0,2023,6
HPS/Jägers,FC Juvantus,4,1,2023,6
Chicken Wings/2,Valtti/R.O.U.,3,0,2023,6
PPS/Diablos Rojos,MK-United,1,5,2023,6
FC POHU/SiPa,Kullervo/Mosaic,0,3,2023,6
Kurvin Vauhti/Partiz,FC Germania/Akademie,4,3,2023,6
Kulps,Gnistan/3,0,4,2023,6
FC Kontu/TDJ,FC Viikingit/S.C.P Legends,1,8,2023,6
HePuLi,HDS/Express,2,7,2023,6
LePa/Via Alberga,KJS/Sininen,2,1,2023,6
FC Honka/Leopardit,Vermo Vikings,1,1,2023,6
Kilo IF/3,KPPK,4,2,2023,6
KFFK,LJS/Reservi,0,2,2023,6
FC Loviisa/2,Iitin Pallo-68,0,2,2023,6
FC Vantaa,KoPa,6,1,2023,6
KäPa/3,PK-35/Legendat,1,9,2023,6
HerTo/3,Veijarit,0,6,2023,6
PoPo,HaPK Edustus/2,5,2,2023,6
AC JazzPa,FC Kapina/2,5,0,2023,6
Ponnistus/Kermaa,AC StaSi,1,1,2023,6
Flamingo United,PaPe,7,0,2023,6
LIK,Naseva,4,4,2023,6
FC ST4Y,FC Kontu/Kupa,0,0,2023,6
Iitin Pallo-68,FC Villisiat,3,2,2023,6
HaTP,PoPo,2,4,2023,6
Kilo IF/3,FC Honka/Leopardit,0,6,2023,6
MLHF,HerTo/3,1,2,2023,6
FC Loviisa/2,JaVo,4,2,2023,6
KJS/Sininen,LJS/Reservi,3,2,2023,6
FC Etapo,ViSa,1,0,2023,6
Tavastia/FC Mojo,FC POHU/Atl Koffari,0,4,2023,6
HaPK Edustus/2,HiHi,8,0,2023,6
Vermo Vikings,FC Samba,1,0,2023,6
MK-United,FC Vantaa,3,0,2023,6
Länsiväylän Dynamo,LePa/Via Alberga,0,1,2023,6
FCFJ,Pelikaani,5,2,2023,6
Polin Pallo,CLE/B,3,1,2023,6
JäPS/United,HausPa,5,2,2023,6
Trikiinit,HooGee/Hodari,2,1,2023,6
Hukat,FC LP,3,0,2023,6
Kilo IF/1,ViTa,3,0,2023,6
FC Eagles,Ponnistus/Kermaa,4,1,2023,6
AFC EMU,Andalus FC,1,4,2023,6
FC Kontu/TDJ,Chicken Wings/2,0,2,2023,6
PPS/Diablos Rojos,Vietfin FC,1,0,2023,6
Gnistan/3,FC POHU/Shrimps,13,0,2023,6
FC Juvantus,Geishan Pallo,4,2,2023,6
Käpylä Maanantai,FC Nile,1,6,2023,6
KFFK,El-Nibras FC,1,1,2023,6
FC Kapina/2,KeiKa,1,5,2023,6
FC Tuusula,AC JazzPa,1,4,2023,6
FC POHU/SiPa,HJK/Töölön Ihme,5,0,2023,6
MyPa/FC,Jäntevä/Ukot,1,10,2023,6
KoPa,TiPS/Legends,1,3,2023,6
Ruila,FC Viikingit/S.C.P Legends,3,8,2023,6
FC Germania/Akademie,Kullervo/Mosaic,0,6,2023,6
KäPa/NoLe,Ponnistus/Peruskallio,4,1,2023,6
PK-35/Legendat,FC Degis,3,1,2023,6
KäPa/3,Kulps,4,3,2023,6
FC FC,HPS/Jägers,2,0,2023,6
Gilla FC,HDS/Express,3,1,2023,6
Valtti/R.O.U.,Ruila,1,7,2023,6
FC Villisiat,Flamingo United,3,2,2023,6
JaVo,Iitin Pallo-68,0,0,2023,6
Ponnistus/Kermaa,FC POHU/Shrimps,2,1,2023,6
FC Vantaa,AFC EMU,1,1,2023,6
HausPa,FC Kapina/2,1,1,2023,6
PaPe,FC Loviisa/2,2,2,2023,6
PiTa,Polin Pallo,1,7,2023,6
Chicken Wings/2,MLHF,3,1,2023,6
Geishan Pallo,Gilla FC,0,2,2023,6
TiPS/Legends,FC ST4Y,3,0,2023,6
HAlku/FC,FC Tuusula,0,3,2023,6
Kullervo/Mosaic,KäPa/NoLe,1,1,2023,6
FC Kontu/Kupa,KoPa,3,2,2023,6
FC Degis,Ponnistus/Kermaa,3,0,2023,6
HerTo/3,Wartti/Wild Boars,0,1,2023,6
Vietfin FC,MK-United,0,0,2023,6
FC Samba,Tavastia/FC Mojo,8,0,2023,6
KeiKa,JäPS/United,2,2,2023,6
HooGee/Hodari,HePuLi,4,1,2023,6
FC POHU/Atl Koffari,Vermo Vikings,3,1,2023,6
KäPa/3,FC Eagles,3,7,2023,6
Strikers/Bertil,FC FC,2,2,2023,6
Andalus FC,PPS/Diablos Rojos,1,2,2023,6
Hukat,Länsiväylän Dynamo,6,0,2023,6
El-Nibras FC,FC LP,6,1,2023,6
ViTa,KJS/Sininen,0,2,2023,6
Jäntevä/Ukot,HaTP,1,1,2023,6
HiHi,KarPo,3,3,2023,6
ViSa,MyPa/FC,4,2,2023,6
Ponnistus/Peruskallio,FC Germania/Akademie,3,0,2023,6
Kulps,PK-35/Legendat,0,1,2023,6
Kurvin Vauhti/Partiz,FC POHU/SiPa,1,3,2023,6
LJS/Reservi,Kilo IF/1,4,2,2023,6
HDS/Express,FC Juvantus,5,1,2023,6
FC Honka/Leopardit,KPPK,2,0,2023,6
LePa/Via Alberga,KFFK,1,1,2023,6
Naseva,HP-47,2,2,2023,6
FC Viikingit/S.C.P Legends,Veijarit,6,0,2023,6
PoPo,FC Etapo,5,1,2023,6
FC POHU/Shrimps,ToTe/Keparoi,0,6,2023,6
AC StaSi,Gnistan/3,0,3,2023,6
AC JazzPa,FCFJ,0,7,2023,6
HJK/Töölön Ihme,Käpylä Maanantai,1,4,2023,6
FC Nile,HeMan,3,1,2023,6
CLE/B,Kilo IF/3,1,3,2023,6
HPS/Jägers,Trikiinit,6,0,2023,6
Gilla FC,HPS/Jägers,2,2,2023,6
FC Kapina/2,FC Tuusula,1,2,2023,6
Flamingo United,Naseva,1,0,2023,6
Polin Pallo,FC Samba,4,2,2023,6
HP-47,JaVo,4,1,2023,6
LIK,FC Loviisa/2,1,6,2023,6
Iitin Pallo-68,PaPe,2,1,2023,6
HausPa,Pelikaani,2,2,2023,6
TiPS/Legends,FC Vantaa,7,0,2023,6
Veijarit,MLHF,1,5,2023,6
FC Kontu/TDJ,Valtti/R.O.U.,4,3,2023,6
Trikiinit,Strikers/Bertil,0,6,2023,6
Gnistan/3,KäPa/3,7,2,2023,6
HaPK Edustus/2,HaTP,1,3,2023,6
Vermo Vikings,Kilo IF/3,2,3,2023,6
MK-United,Andalus FC,0,3,2023,6
Länsiväylän Dynamo,El-Nibras FC,2,3,2023,6
FCFJ,HAlku/FC,8,0,2023,6
Kilo IF/1,FC LP,10,0,2023,6
KFFK,ViTa,2,2,2023,6
JäPS/United,AC JazzPa,2,2,2023,6
HeMan,HJK/Töölön Ihme,2,0,2023,6
Hukat,KJS/Sininen,7,0,2023,6
HDS/Express,HooGee/Hodari,7,0,2023,6
FC Etapo,Jäntevä/Ukot,0,3,2023,6
KPPK,CLE/B,0,1,2023,6
Wartti/Wild Boars,Chicken Wings/2,2,2,2023,6
KarPo,PoPo,1,2,2023,6
FC POHU/Atl Koffari,PiTa,1,0,2023,6
AFC EMU,FC Kontu/Kupa,1,1,2023,6
FC POHU/SiPa,Ponnistus/Peruskallio,1,1,2023,6
AC StaSi,FC Degis,1,1,2023,6
Tavastia/FC Mojo,FC Honka/Leopardit,0,3,2023,6
FC ST4Y,PPS/Diablos Rojos,2,3,2023,6
LePa/Via Alberga,LJS/Reservi,3,6,2023,6
MyPa/FC,HiHi,2,1,2023,6
FC Germania/Akademie,FC Nile,0,5,2023,6
KäPa/NoLe,Käpylä Maanantai,2,1,2023,6
FC Juvantus,FC FC,0,1,2023,6
KoPa,Vietfin FC,2,5,2023,6
Ruila,HerTo/3,1,2,2023,6
HePuLi,Geishan Pallo,1,1,2023,6
Kullervo/Mosaic,Kurvin Vauhti/Partiz,3,0,2023,6
ToTe/Keparoi,Kulps,4,0,2023,6
Valtti/R.O.U.,Wartti/Wild Boars,3,7,2023,6
FC Eagles,PK-35/Legendat,1,3,2023,6
FC Kapina/2,JäPS/United,1,6,2023,6
LIK,HP-47,1,5,2023,6
JaVo,FC Villisiat,0,0,2023,6
Kilo IF/3,Polin Pallo,0,5,2023,6
FC Honka/Leopardit,PiTa,2,2,2023,6
FC Nile,Kurvin Vauhti/Partiz,6,2,2023,6
HPS/Jägers,HooGee/Hodari,1,4,2023,6
KäPa/NoLe,FC Germania/Akademie,5,0,2023,6
HaPK Edustus/2,KarPo,2,1,2023,6
MLHF,FC Kontu/TDJ,1,1,2023,6
HaTP,MyPa/FC,5,3,2023,6
Kilo IF/1,KJS/Sininen,2,1,2023,6
Gnistan/3,ToTe/Keparoi,1,1,2023,6
Geishan Pallo,Trikiinit,3,2,2023,6
Vietfin FC,FC Vantaa,3,1,2023,6
Vermo Vikings,Tavastia/FC Mojo,1,0,2023,6
KeiKa,FCFJ,0,2,2023,6
El-Nibras FC,LJS/Reservi,2,1,2023,6
ViTa,Länsiväylän Dynamo,3,2,2023,6
FC Loviisa/2,Flamingo United,2,1,2023,6
HAlku/FC,HausPa,4,3,2023,6
FC LP,KFFK,0,4,2023,6
FC FC,HePuLi,2,0,2023,6
Andalus FC,TiPS/Legends,3,1,2023,6
CLE/B,FC POHU/Atl Koffari,0,2,2023,6
PoPo,ViSa,2,2,2023,6
HiHi,FC Etapo,4,2,2023,6
FC Samba,KPPK,2,0,2023,6
Ponnistus/Peruskallio,HeMan,2,3,2023,6
Strikers/Bertil,HDS/Express,1,4,2023,6
FC ST4Y,KoPa,5,0,2023,6
PPS/Diablos Rojos,AFC EMU,2,0,2023,6
FC POHU/Shrimps,PK-35/Legendat,1,8,2023,6
Kulps,FC Degis,0,3,2023,6
Veijarit,Ruila,1,1,2023,6
FC Kontu/Kupa,MK-United,0,2,2023,6
FC Juvantus,Gilla FC,0,7,2023,6
Naseva,Iitin Pallo-68,3,1,2023,6
KäPa/3,Ponnistus/Kermaa,1,5,2023,6
Käpylä Maanantai,FC POHU/SiPa,0,2,2023,6
Chicken Wings/2,FC Viikingit/S.C.P Legends,3,1,2023,6
HJK/Töölön Ihme,Kullervo/Mosaic,3,4,2023,6
AC JazzPa,Pelikaani,0,0,2023,6
FC Eagles,AC StaSi,0,2,2023,6
Kurvin Vauhti/Partiz,Käpylä Maanantai,0,4,2023,6
HooGee/Hodari,FC FC,0,1,2023,6
LePa/Via Alberga,FC LP,2,5,2023,6
Kullervo/Mosaic,Ponnistus/Peruskallio,6,1,2023,6
Flamingo United,JaVo,2,2,2023,6
Iitin Pallo-68,LIK,2,0,2023,6
PiTa,Kilo IF/3,5,0,2023,6
HP-47,PaPe,4,3,2023,6
TiPS/Legends,FC Kontu/Kupa,3,2,2023,6
HDS/Express,Geishan Pallo,2,0,2023,6
FC Vantaa,PPS/Diablos Rojos,2,3,2023,6
KFFK,Hukat,1,8,2023,6
KJS/Sininen,El-Nibras FC,1,6,2023,6
FC Villisiat,FC Loviisa/2,1,2,2023,6
FC Kontu/TDJ,HerTo/3,1,6,2023,6
FC Degis,KäPa/3,7,1,2023,6
MK-United,FC ST4Y,1,3,2023,6
KeiKa,HausPa,2,1,2023,6
FCFJ,FC Kapina/2,12,0,2023,6
Länsiväylän Dynamo,Kilo IF/1,0,7,2023,6
FC Eagles,ToTe/Keparoi,2,3,2023,6
JäPS/United,HAlku/FC,2,1,2023,6
Wartti/Wild Boars,Veijarit,2,4,2023,6
FC Viikingit/S.C.P Legends,Valtti/R.O.U.,2,1,2023,6
FC Etapo,HaPK Edustus/2,0,3,2023,6
HeMan,KäPa/NoLe,2,4,2023,6
ViSa,HaTP,1,1,2023,6
FC POHU/Atl Koffari,FC Samba,2,2,2023,6
PK-35/Legendat,Gnistan/3,2,6,2023,6
KPPK,Vermo Vikings,2,2,2023,6
Trikiinit,FC Juvantus,2,4,2023,6
Gilla FC,Strikers/Bertil,1,0,2023,6
LJS/Reservi,ViTa,1,1,2023,6
Pelikaani,FC Tuusula,3,2,2023,6
FC POHU/SiPa,FC Nile,0,2,2023,6
MyPa/FC,PoPo,1,7,2023,6
KoPa,Andalus FC,0,5,2023,6
HePuLi,HPS/Jägers,2,1,2023,6
Ponnistus/Kermaa,Kulps,2,3,2023,6
AFC EMU,Vietfin FC,5,3,2023,6
Ruila,Chicken Wings/2,1,1,2023,6
KarPo,Jäntevä/Ukot,0,0,2023,6
Polin Pallo,FC Honka/Leopardit,1,2,2023,6
FC FC,HDS/Express,2,2,2023,6
FC Germania/Akademie,HJK/Töölön Ihme,2,1,2023,6
HerTo/3,Valtti/R.O.U.,2,2,2023,6
Tavastia/FC Mojo,CLE/B,2,2,2023,6
PPS/Diablos Rojos,TiPS/Legends,1,2,2023,6
Flamingo United,LIK,9,1,2023,6
Iitin Pallo-68,HP-47,0,4,2023,6
FC Villisiat,PaPe,5,2,2023,6
JaVo,Naseva,0,2,2023,6
FC Kontu/TDJ,Veijarit,2,1,2023,6
Kilo IF/3,FC POHU/Atl Koffari,4,4,2023,6
MLHF,FC Viikingit/S.C.P Legends,2,1,2023,6
FC Vantaa,Andalus FC,1,2,2023,6
Trikiinit,Gilla FC,0,3,2023,6
Käpylä Maanantai,Kullervo/Mosaic,1,2,2023,6
Wartti/Wild Boars,Ruila,2,4,2023,6
FC Tuusula,HausPa,0,4,2023,6
Pelikaani,HAlku/FC,3,0,2023,6
FC Honka/Leopardit,FC Samba,0,3,2023,6
MyPa/FC,HaPK Edustus/2,2,3,2023,6
AC JazzPa,KeiKa,1,1,2023,6
Kurvin Vauhti/Partiz,HJK/Töölön Ihme,3,1,2023,6
PoPo,HiHi,5,0,2023,6
ViSa,Jäntevä/Ukot,1,4,2023,6
PiTa,CLE/B,3,1,2023,6
HPS/Jägers,Geishan Pallo,5,0,2023,6
FC LP,LJS/Reservi,0,3,2023,6
FCFJ,JäPS/United,5,0,2023,6
Länsiväylän Dynamo,KJS/Sininen,1,3,2023,6
Vietfin FC,FC Kontu/Kupa,1,3,2023,6
HooGee/Hodari,Strikers/Bertil,1,0,2023,6
FC POHU/SiPa,KäPa/NoLe,2,2,2023,6
KFFK,Kilo IF/1,1,1,2023,6
FC Degis,FC Eagles,7,1,2023,6
Kulps,FC POHU/Shrimps,0,2,2023,6
Polin Pallo,Vermo Vikings,2,1,2023,6
MK-United,KoPa,4,1,2023,6
Ponnistus/Kermaa,Gnistan/3,2,3,2023,6
FC Etapo,KarPo,0,0,2023,6
PK-35/Legendat,ToTe/Keparoi,2,2,2023,6
El-Nibras FC,LePa/Via Alberga,6,1,2023,6
FC Nile,Ponnistus/Peruskallio,1,3,2023,6
KäPa/3,AC StaSi,2,6,2023,6
HP-47,Flamingo United,3,6,2023,6
TiPS/Legends,MK-United,7,1,2023,6
FC Kapina/2,Pelikaani,1,5,2023,6
LIK,FC Villisiat,0,6,2023,6
KJS/Sininen,KFFK,5,1,2023,6
HaPK Edustus/2,ViSa,4,2,2023,6
HiHi,HaTP,0,3,2023,6
KäPa/NoLe,Kurvin Vauhti/Partiz,8,4,2023,6
Kilo IF/1,LePa/Via Alberga,6,3,2023,6
Andalus FC,Vietfin FC,2,6,2023,6
KeiKa,FC Tuusula,3,0,2023,6
Kulps,FC Eagles,4,0,2023,6
Vermo Vikings,PiTa,0,1,2023,6
FCFJ,HausPa,2,3,2023,6
ViTa,FC LP,3,6,2023,6
FC POHU/Atl Koffari,KPPK,3,1,2023,6
PaPe,JaVo,3,2,2023,6
HAlku/FC,AC JazzPa,4,1,2023,6
Geishan Pallo,FC FC,0,0,2023,6
FC Samba,Kilo IF/3,1,0,2023,6
FC ST4Y,FC Vantaa,3,1,2023,6
Strikers/Bertil,HPS/Jägers,1,3,2023,6
Ruila,FC Kontu/TDJ,3,2,2023,6
FC POHU/Shrimps,KäPa/3,3,1,2023,6
FC Kontu/Kupa,PPS/Diablos Rojos,2,2,2023,6
Chicken Wings/2,HerTo/3,0,2,2023,6
Gilla FC,HePuLi,0,3,2023,6
LJS/Reservi,Länsiväylän Dynamo,4,1,2023,6
Naseva,FC Loviisa/2,1,1,2023,6
Tavastia/FC Mojo,Polin Pallo,0,1,2023,6
KoPa,AFC EMU,0,2,2023,6
CLE/B,FC Honka/Leopardit,0,4,2023,6
FC Viikingit/S.C.P Legends,Wartti/Wild Boars,3,5,2023,6
Jäntevä/Ukot,PoPo,1,4,2023,6
KarPo,MyPa/FC,0,0,2023,6
Gnistan/3,FC Degis,0,3,2023,6
FC Germania/Akademie,FC POHU/SiPa,1,4,2023,6
Valtti/R.O.U.,MLHF,1,2,2023,6
AC StaSi,PK-35/Legendat,3,0,2023,6
ToTe/Keparoi,Ponnistus/Kermaa,3,2,2023,6
Kullervo/Mosaic,HeMan,0,7,2023,6
Ponnistus/Peruskallio,Käpylä Maanantai,0,5,2023,6
HDS/Express,Trikiinit,5,1,2023,6
